deposit_block_time,source_chain,destination_chain,amount_usd
2026-04-10 12:18:39.000 UTC,hyperliquid,polygon,10.1017372
2026-04-10 12:18:39.000 UTC,polygon,optimism,0.516779674562
2026-04-10 12:18:41.000 UTC,base,arbitrum,0.66519
2026-04-10 12:18:41.000 UTC,arbitrum,optimism,282.0406447623657
2026-04-10 12:18:41.000 UTC,ethereum,optimism,35.74069697127695
2026-04-10 12:18:41.000 UTC,base,ethereum,247.59394947909172
2026-04-10 12:18:42.000 UTC,arbitrum,polygon,3701.54073551896
2026-04-10 12:18:43.000 UTC,polygon,base,20.997102
2026-04-10 12:18:44.000 UTC,arbitrum,ethereum,7.111691000496
2026-04-10 12:18:47.000 UTC,ethereum,arbitrum,250.00225992643
2026-04-10 12:18:47.000 UTC,base,ethereum,2.8096297226642224
2026-04-10 12:18:51.000 UTC,zksync,base,15.601423983452001
2026-04-10 12:18:52.000 UTC,arbitrum,hyperliquid,449.74792622
2026-04-10 12:18:59.000 UTC,ethereum,base,98.89158
2026-04-10 12:18:59.000 UTC,base,zksync,396.47088239094563
2026-04-10 12:19:04.000 UTC,arbitrum,hyperliquid,5.999172
2026-04-10 12:19:10.000 UTC,arbitrum,base,450.78572538658614
2026-04-10 12:19:11.000 UTC,ethereum,arbitrum,16.358999146534
2026-04-10 12:19:11.000 UTC,ethereum,base,26.044883310036
2026-04-10 12:19:13.000 UTC,base,arbitrum,1.004298191702
2026-04-10 12:19:19.000 UTC,polygon,base,0.16878276829992306
2026-04-10 12:19:23.000 UTC,ethereum,base,33.7034459958
2026-04-10 12:19:25.000 UTC,base,optimism,85.9552865333
2026-04-10 12:19:29.000 UTC,base,ethereum,0.5911407623619301
2026-04-10 12:19:29.000 UTC,arbitrum,base,10.148791273504001
2026-04-10 12:19:32.000 UTC,base,zksync,1499.4062733756402
2026-04-10 12:19:32.000 UTC,hyperliquid,ethereum,177.68011112282616
2026-04-10 12:19:33.000 UTC,base,arbitrum,21.367045940689998
2026-04-10 12:19:34.000 UTC,arbitrum,polygon,10.205210994432
2026-04-10 12:19:34.000 UTC,arbitrum,base,10.24630206088
2026-04-10 12:19:41.000 UTC,base,ethereum,9998.62
2026-04-10 12:19:48.000 UTC,base,arbitrum,44.12427
2026-04-10 12:19:50.000 UTC,arbitrum,ethereum,14.497999
2026-04-10 12:19:51.000 UTC,base,polygon,10.989493125000001
2026-04-10 12:19:53.000 UTC,optimism,base,38.727860046400004
2026-04-10 12:19:59.000 UTC,ethereum,optimism,299.858912758738
2026-04-10 12:19:59.000 UTC,ethereum,base,1407.9855000000002
2026-04-10 12:19:59.000 UTC,ethereum,base,496.431483
2026-04-10 12:19:59.000 UTC,zksync,arbitrum,394.24347090853433
2026-04-10 12:19:59.000 UTC,polygon,ethereum,49.802112359931996
2026-04-10 12:19:59.000 UTC,ethereum,base,221.73000000000005
2026-04-10 12:20:03.000 UTC,polygon,hyperliquid,100006.2
2026-04-10 12:20:05.000 UTC,base,polygon,1.10954378745
2026-04-10 12:20:09.000 UTC,arbitrum,hyperliquid,10.113285086000001
2026-04-10 12:20:11.000 UTC,arbitrum,hyperliquid,1504.71328644
2026-04-10 12:20:11.000 UTC,ethereum,base,113568.0105711
2026-04-10 12:20:12.000 UTC,arbitrum,polygon,0.9314342499
2026-04-10 12:20:13.000 UTC,base,arbitrum,450.5703481953556
2026-04-10 12:20:16.000 UTC,arbitrum,polygon,281.54425831282407
2026-04-10 12:20:17.000 UTC,arbitrum,hyperliquid,345951.46766123996
2026-04-10 12:20:21.000 UTC,arbitrum,base,7611.697804016475
2026-04-10 12:20:21.000 UTC,ethereum,base,2.132571211218
2026-04-10 12:20:22.000 UTC,optimism,ethereum,0.8132139505170107
2026-04-10 12:20:23.000 UTC,optimism,base,0.872608098348
2026-04-10 12:20:23.000 UTC,base,arbitrum,12.614821070418
2026-04-10 12:20:23.000 UTC,arbitrum,ethereum,169.666741685826
2026-04-10 12:20:23.000 UTC,arbitrum,hyperliquid,2094.74635122207
2026-04-10 12:20:29.000 UTC,arbitrum,hyperliquid,1986.739658222256
2026-04-10 12:20:29.000 UTC,polygon,base,4.9650078114
2026-04-10 12:20:35.000 UTC,zksync,arbitrum,19.085033999997783
2026-04-10 12:20:38.000 UTC,base,arbitrum,8.92354906147354
2026-04-10 12:20:39.000 UTC,arbitrum,hyperliquid,135.62840844
2026-04-10 12:20:42.000 UTC,arbitrum,hyperliquid,5026.23160704
2026-04-10 12:20:43.000 UTC,arbitrum,hyperliquid,393.44493838261207
2026-04-10 12:20:43.000 UTC,arbitrum,zksync,449.9017697407575
2026-04-10 12:20:43.000 UTC,polygon,hyperliquid,4.005759173831478
2026-04-10 12:20:50.000 UTC,arbitrum,hyperliquid,10.800669599999999
2026-04-10 12:20:51.000 UTC,polygon,base,6.380437133292487
2026-04-10 12:20:51.000 UTC,hyperliquid,polygon,99.423464626
2026-04-10 12:20:51.000 UTC,optimism,base,280.6445091534037
2026-04-10 12:20:53.000 UTC,base,optimism,101.07342685386804
2026-04-10 12:20:55.000 UTC,optimism,polygon,188.99828233228166
2026-04-10 12:20:59.000 UTC,ethereum,polygon,9.98061876
2026-04-10 12:21:10.000 UTC,ethereum,base,193.80209244105995
2026-04-10 12:21:11.000 UTC,zksync,ethereum,1381.085622
2026-04-10 12:21:11.000 UTC,ethereum,base,999.8755404402241
2026-04-10 12:21:13.000 UTC,base,ethereum,2.35676750071531
2026-04-10 12:21:13.000 UTC,arbitrum,hyperliquid,500.02230946122
2026-04-10 12:21:14.000 UTC,arbitrum,hyperliquid,1480.0868596961998
2026-04-10 12:21:14.000 UTC,arbitrum,hyperliquid,399.544654232808
2026-04-10 12:21:15.000 UTC,arbitrum,hyperliquid,1167.8744137246201
2026-04-10 12:21:29.000 UTC,arbitrum,ethereum,231.84238454
2026-04-10 12:21:29.000 UTC,base,arbitrum,0.665643
2026-04-10 12:21:29.000 UTC,base,polygon,7.916916818412
2026-04-10 12:21:30.000 UTC,arbitrum,hyperliquid,449.028287027838
2026-04-10 12:21:35.000 UTC,ethereum,base,10.500651
2026-04-10 12:21:45.000 UTC,zksync,base,448.6703100226593
2026-04-10 12:21:47.000 UTC,hyperliquid,arbitrum,392.54531319238237
2026-04-10 12:21:51.000 UTC,base,arbitrum,279.557168484145
2026-04-10 12:21:51.000 UTC,arbitrum,base,4.161410991486
2026-04-10 12:21:59.000 UTC,ethereum,base,149.818997293117
2026-04-10 12:21:59.000 UTC,ethereum,base,76.55806043683232
2026-04-10 12:21:59.000 UTC,optimism,base,42.11523260999999
2026-04-10 12:21:59.000 UTC,ethereum,optimism,12415.305225
2026-04-10 12:22:06.000 UTC,arbitrum,ethereum,0.7096641904
2026-04-10 12:22:09.000 UTC,arbitrum,hyperliquid,97.36564129550999
2026-04-10 12:22:11.000 UTC,ethereum,hyperliquid,1982.4882986543041
2026-04-10 12:22:17.000 UTC,arbitrum,ethereum,48.214555813427495
2026-04-10 12:22:19.000 UTC,arbitrum,base,68.40906759070855
2026-04-10 12:22:22.000 UTC,polygon,ethereum,10.902793852356803
2026-04-10 12:22:35.000 UTC,ethereum,base,22.709924037595655
2026-04-10 12:22:37.000 UTC,polygon,arbitrum,116.950473835074
2026-04-10 12:22:39.000 UTC,base,ethereum,4.147909154424
2026-04-10 12:22:42.000 UTC,arbitrum,hyperliquid,9.8006076
2026-04-10 12:22:45.000 UTC,arbitrum,ethereum,4.402300925736
2026-04-10 12:22:47.000 UTC,arbitrum,hyperliquid,21.36132432
2026-04-10 12:22:47.000 UTC,arbitrum,zksync,391.2252839885879
2026-04-10 12:22:48.000 UTC,arbitrum,hyperliquid,169.48050714000001
2026-04-10 12:22:49.000 UTC,base,arbitrum,446.4500949748925
2026-04-10 12:22:49.000 UTC,base,arbitrum,11.09405
2026-04-10 12:22:50.000 UTC,zksync,arbitrum,17.306718
2026-04-10 12:22:50.000 UTC,arbitrum,hyperliquid,26.785703610665998
2026-04-10 12:22:51.000 UTC,base,ethereum,29645.34832363688
2026-04-10 12:22:51.000 UTC,base,ethereum,12.246317224596
2026-04-10 12:22:51.000 UTC,arbitrum,zksync,278.9387760295827
2026-04-10 12:22:52.000 UTC,ethereum,polygon,10.895656096308517
2026-04-10 12:22:53.000 UTC,base,zksync,77.754558483756
2026-04-10 12:22:55.000 UTC,optimism,base,4.147798147542
2026-04-10 12:22:59.000 UTC,ethereum,base,193.76116171403234
2026-04-10 12:22:59.000 UTC,ethereum,arbitrum,2182.080512604384
2026-04-10 12:23:01.000 UTC,base,arbitrum,0.8991132868320434
2026-04-10 12:23:03.000 UTC,base,ethereum,77.14897597881927
2026-04-10 12:23:19.000 UTC,arbitrum,zksync,445.7840981572375
2026-04-10 12:23:20.000 UTC,zksync,arbitrum,390.0221002379254
2026-04-10 12:23:23.000 UTC,ethereum,base,10.500651
2026-04-10 12:23:23.000 UTC,zksync,arbitrum,277.7908287050116
2026-04-10 12:23:23.000 UTC,ethereum,polygon,17.084837
2026-04-10 12:23:25.000 UTC,base,ethereum,174.6773138719865
2026-04-10 12:23:27.000 UTC,polygon,base,1.0500651
2026-04-10 12:23:30.000 UTC,arbitrum,hyperliquid,2181.855962683152
2026-04-10 12:23:33.000 UTC,polygon,ethereum,21.469249954174
2026-04-10 12:23:35.000 UTC,polygon,ethereum,100007.06238229183
2026-04-10 12:23:38.000 UTC,arbitrum,ethereum,1.6130306264688625
2026-04-10 12:23:42.000 UTC,base,ethereum,5.990389169251877
2026-04-10 12:23:43.000 UTC,polygon,ethereum,1400.5515691855555
2026-04-10 12:23:47.000 UTC,ethereum,base,10008.225593517565
2026-04-10 12:23:53.000 UTC,optimism,ethereum,41602.862815583074
2026-04-10 12:23:55.000 UTC,arbitrum,hyperliquid,29818.108608119997
2026-04-10 12:23:59.000 UTC,polygon,arbitrum,40.646130903881996
2026-04-10 12:24:11.000 UTC,ethereum,base,47.94297228
2026-04-10 12:24:11.000 UTC,arbitrum,ethereum,501.707219919192
2026-04-10 12:24:11.000 UTC,ethereum,arbitrum,1695.91514022
2026-04-10 12:24:11.000 UTC,ethereum,hyperliquid,16.7181120832
2026-04-10 12:24:16.000 UTC,ethereum,base,1.500093
2026-04-10 12:24:19.000 UTC,arbitrum,hyperliquid,12000.744
2026-04-10 12:24:19.000 UTC,arbitrum,hyperliquid,145870.65341982
2026-04-10 12:24:21.000 UTC,arbitrum,zksync,388.8279825234871
2026-04-10 12:24:23.000 UTC,ethereum,polygon,4.99030938
2026-04-10 12:24:23.000 UTC,arbitrum,hyperliquid,20.00124
2026-04-10 12:24:26.000 UTC,arbitrum,optimism,276.6528240521279
2026-04-10 12:24:31.000 UTC,arbitrum,polygon,172.24681610474
2026-04-10 12:24:31.000 UTC,zksync,arbitrum,444.5536349994747
2026-04-10 12:24:31.000 UTC,polygon,ethereum,4.9730179489193
2026-04-10 12:24:34.000 UTC,arbitrum,hyperliquid,62.003844
2026-04-10 12:24:36.000 UTC,arbitrum,hyperliquid,560.65475844
2026-04-10 12:24:36.000 UTC,arbitrum,optimism,11.09405
2026-04-10 12:24:37.000 UTC,polygon,ethereum,1.1000682
2026-04-10 12:24:40.000 UTC,arbitrum,hyperliquid,50.0031
2026-04-10 12:24:41.000 UTC,arbitrum,optimism,3.5508023000000004
2026-04-10 12:24:44.000 UTC,arbitrum,polygon,2.81063506
2026-04-10 12:24:45.000 UTC,polygon,ethereum,1.006243383222
2026-04-10 12:24:49.000 UTC,arbitrum,hyperliquid,34.14211668
2026-04-10 12:24:51.000 UTC,base,polygon,99.64046035556801
2026-04-10 12:24:51.000 UTC,ethereum,hyperliquid,14.952849485038925
2026-04-10 12:25:07.000 UTC,arbitrum,base,199.9437781
2026-04-10 12:25:12.000 UTC,arbitrum,hyperliquid,504.934855
2026-04-10 12:25:18.000 UTC,arbitrum,base,5.831840885091883
2026-04-10 12:25:19.000 UTC,optimism,base,4.000876
2026-04-10 12:25:21.000 UTC,optimism,arbitrum,0.05543225
2026-04-10 12:25:21.000 UTC,arbitrum,polygon,33.582308323311004
2026-04-10 12:25:23.000 UTC,ethereum,zksync,1.999742
2026-04-10 12:25:23.000 UTC,zksync,optimism,387.05390671549355
2026-04-10 12:25:25.000 UTC,polygon,optimism,0.499951497936
2026-04-10 12:25:25.000 UTC,base,optimism,39.99484
2026-04-10 12:25:26.000 UTC,arbitrum,hyperliquid,299.7613258
2026-04-10 12:25:30.000 UTC,arbitrum,ethereum,30008.57020700625
2026-04-10 12:25:31.000 UTC,ethereum,zksync,275.34571496945904
2026-04-10 12:25:32.000 UTC,arbitrum,hyperliquid,214.80228692999998
2026-04-10 12:25:33.000 UTC,arbitrum,zksync,442.6765793382221
2026-04-10 12:25:35.000 UTC,ethereum,base,16.049745315736
2026-04-10 12:25:38.000 UTC,base,optimism,13.082011
2026-04-10 12:25:47.000 UTC,ethereum,arbitrum,43.621886050693995
2026-04-10 12:25:49.000 UTC,base,zksync,41.019864999999996
2026-04-10 12:25:49.000 UTC,arbitrum,base,385.9446011601193
2026-04-10 12:25:51.000 UTC,optimism,arbitrum,5.001095
2026-04-10 12:25:53.000 UTC,optimism,polygon,0.05543225
2026-04-10 12:25:57.000 UTC,arbitrum,polygon,274.23637523750745
2026-04-10 12:25:59.000 UTC,ethereum,hyperliquid,5.310404869389999
2026-04-10 12:26:05.000 UTC,zksync,arbitrum,441.4491501143966
2026-04-10 12:26:13.000 UTC,base,optimism,1.3303133674349998
2026-04-10 12:26:15.000 UTC,polygon,ethereum,1.860232998983
2026-04-10 12:26:17.000 UTC,arbitrum,zksync,33.294934399329996
2026-04-10 12:26:17.000 UTC,zksync,hyperliquid,9.98473390228327
2026-04-10 12:26:18.000 UTC,base,hyperliquid,37.14926307915645
2026-04-10 12:26:24.000 UTC,arbitrum,ethereum,37.37008398496958
2026-04-10 12:26:26.000 UTC,polygon,arbitrum,33.351733430389
2026-04-10 12:26:29.000 UTC,base,ethereum,58.791150963056
2026-04-10 12:26:33.000 UTC,zksync,ethereum,9.60501003886241
2026-04-10 12:26:35.000 UTC,ethereum,optimism,499.9355
2026-04-10 12:26:35.000 UTC,base,arbitrum,39.99484
2026-04-10 12:26:37.000 UTC,polygon,ethereum,343.16921346004796
2026-04-10 12:26:45.000 UTC,arbitrum,base,18.240309696473
2026-04-10 12:26:48.000 UTC,arbitrum,hyperliquid,7998.768025799999
2026-04-10 12:26:57.000 UTC,polygon,base,0.49570685278247545
2026-04-10 12:26:59.000 UTC,base,polygon,385.16910957264304
2026-04-10 12:27:03.000 UTC,base,arbitrum,18.803621019936998
2026-04-10 12:27:06.000 UTC,arbitrum,zksync,273.46119159703187
2026-04-10 12:27:07.000 UTC,arbitrum,zksync,440.23215560925615
2026-04-10 12:27:08.000 UTC,arbitrum,hyperliquid,999.871
2026-04-10 12:27:17.000 UTC,optimism,arbitrum,10.739673590789861
2026-04-10 12:27:21.000 UTC,arbitrum,hyperliquid,67929.0622444171
2026-04-10 12:27:21.000 UTC,arbitrum,hyperliquid,3346.501864563149
2026-04-10 12:27:23.000 UTC,ethereum,base,74.35797565689748
2026-04-10 12:27:35.000 UTC,ethereum,base,38.91575803013655
2026-04-10 12:27:41.000 UTC,arbitrum,hyperliquid,27.163787419331996
2026-04-10 12:27:44.000 UTC,arbitrum,hyperliquid,500.27545613999996
2026-04-10 12:27:45.000 UTC,arbitrum,hyperliquid,19542.81588149733
2026-04-10 12:27:47.000 UTC,zksync,hyperliquid,39.99484
2026-04-10 12:27:54.000 UTC,polygon,base,0.7904789204430639
2026-04-10 12:27:58.000 UTC,ethereum,arbitrum,384.3912787764524
2026-04-10 12:27:59.000 UTC,ethereum,zksync,207.321368093036
2026-04-10 12:28:01.000 UTC,base,ethereum,16.45470774082881
2026-04-10 12:28:07.000 UTC,optimism,arbitrum,7.449105941357
2026-04-10 12:28:07.000 UTC,zksync,arbitrum,272.31744688774313
2026-04-10 12:28:09.000 UTC,zksync,ethereum,439.0050342016479
2026-04-10 12:28:11.000 UTC,base,arbitrum,4.999355
2026-04-10 12:28:23.000 UTC,base,ethereum,2.734573548650614
2026-04-10 12:28:23.000 UTC,ethereum,base,2.0997291000000002
2026-04-10 12:28:28.000 UTC,arbitrum,base,24.979361401884045
2026-04-10 12:28:33.000 UTC,arbitrum,zksync,383.6160541261448
2026-04-10 12:28:35.000 UTC,ethereum,arbitrum,9998.71
2026-04-10 12:28:40.000 UTC,arbitrum,hyperliquid,298.961429
2026-04-10 12:28:41.000 UTC,ethereum,hyperliquid,31.531018973776998
2026-04-10 12:28:50.000 UTC,arbitrum,zksync,271.1836746301902
2026-04-10 12:28:55.000 UTC,base,zksync,438.10678470660116
2026-04-10 12:28:59.000 UTC,ethereum,base,1135.1542461783765
2026-04-10 12:29:01.000 UTC,polygon,ethereum,6.58876782738364
2026-04-10 12:29:05.000 UTC,optimism,arbitrum,499.9355
2026-04-10 12:29:07.000 UTC,arbitrum,hyperliquid,1999.742
2026-04-10 12:29:11.000 UTC,ethereum,base,41.388717166647
2026-04-10 12:29:11.000 UTC,ethereum,optimism,9.99871
2026-04-10 12:29:11.000 UTC,polygon,base,0.08276945169087196
2026-04-10 12:29:11.000 UTC,arbitrum,ethereum,138030.222
2026-04-10 12:29:13.000 UTC,arbitrum,ethereum,42.316542293663
2026-04-10 12:29:19.000 UTC,arbitrum,hyperliquid,14.788719009116999
2026-04-10 12:29:32.000 UTC,zksync,base,5.2993163
2026-04-10 12:29:32.000 UTC,zksync,base,1.8678658294082988
2026-04-10 12:29:35.000 UTC,zksync,hyperliquid,2.21729
2026-04-10 12:29:35.000 UTC,ethereum,optimism,63.847964642715
2026-04-10 12:29:35.000 UTC,ethereum,hyperliquid,4723.313188987824
2026-04-10 12:29:35.000 UTC,zksync,arbitrum,382.4181588549269
2026-04-10 12:29:41.000 UTC,polygon,arbitrum,8.353301983739296
2026-04-10 12:29:47.000 UTC,polygon,arbitrum,84.6610709986564
2026-04-10 12:29:52.000 UTC,arbitrum,ethereum,37.485664563083
2026-04-10 12:29:53.000 UTC,base,optimism,4.956776699073519
2026-04-10 12:29:53.000 UTC,zksync,base,270.0423077404706
2026-04-10 12:29:54.000 UTC,arbitrum,zksync,8.001752
2026-04-10 12:29:55.000 UTC,zksync,hyperliquid,436.35867831388924
2026-04-10 12:30:04.000 UTC,arbitrum,optimism,1001.3474157120451
2026-04-10 12:30:06.000 UTC,arbitrum,ethereum,250.00125
2026-04-10 12:30:11.000 UTC,ethereum,arbitrum,10.00005
2026-04-10 12:30:20.000 UTC,arbitrum,optimism,30570.107177999995
2026-04-10 12:30:23.000 UTC,arbitrum,optimism,2.9863882017550885
2026-04-10 12:30:24.000 UTC,arbitrum,optimism,2010.4989501999999
2026-04-10 12:30:25.000 UTC,arbitrum,hyperliquid,4999.994999850001
2026-04-10 12:30:25.000 UTC,ethereum,arbitrum,2797.5526154360728
2026-04-10 12:30:28.000 UTC,arbitrum,base,3.921430607055
2026-04-10 12:30:29.000 UTC,arbitrum,optimism,980.757912765045
2026-04-10 12:30:29.000 UTC,optimism,base,1.17901389504
2026-04-10 12:30:35.000 UTC,base,arbitrum,5.937260686155
2026-04-10 12:30:39.000 UTC,optimism,base,380.9202232009412
2026-04-10 12:30:42.000 UTC,arbitrum,base,1000.005
2026-04-10 12:30:47.000 UTC,ethereum,base,5.25002625
2026-04-10 12:30:47.000 UTC,ethereum,arbitrum,47.36755581472863
2026-04-10 12:30:51.000 UTC,arbitrum,base,200.98414491570003
2026-04-10 12:30:53.000 UTC,optimism,base,434.56521106338926
2026-04-10 12:30:55.000 UTC,base,arbitrum,267.40534711822954
2026-04-10 12:30:59.000 UTC,ethereum,arbitrum,24.8876244375
2026-04-10 12:30:59.000 UTC,arbitrum,hyperliquid,21.000105
2026-04-10 12:31:00.000 UTC,arbitrum,base,53.996086039999994
2026-04-10 12:31:01.000 UTC,base,zksync,159.634747169745
2026-04-10 12:31:01.000 UTC,arbitrum,hyperliquid,1417.41226302
2026-04-10 12:31:03.000 UTC,polygon,ethereum,10000.05
2026-04-10 12:31:03.000 UTC,polygon,base,999.9671063827342
2026-04-10 12:31:06.000 UTC,ethereum,base,0.3429894935022885
2026-04-10 12:31:10.000 UTC,arbitrum,base,1234.5061725
2026-04-10 12:31:11.000 UTC,polygon,arbitrum,306.208976037225
2026-04-10 12:31:13.000 UTC,arbitrum,ethereum,15.714288000000002
2026-04-10 12:31:13.000 UTC,base,arbitrum,379.62813133284766
2026-04-10 12:31:21.000 UTC,polygon,zksync,525.40526101317
2026-04-10 12:31:23.000 UTC,base,zksync,199.55945099999997
2026-04-10 12:31:27.000 UTC,arbitrum,optimism,266.79467216084174
2026-04-10 12:31:29.000 UTC,zksync,optimism,59999.248994745
2026-04-10 12:31:31.000 UTC,polygon,zksync,1179.528750852088
2026-04-10 12:31:33.000 UTC,base,arbitrum,433.7909073804918
2026-04-10 12:31:33.000 UTC,base,arbitrum,296.85627027393
2026-04-10 12:31:35.000 UTC,ethereum,optimism,49.88986274999999
2026-04-10 12:31:38.000 UTC,arbitrum,base,0.012891064455
2026-04-10 12:31:39.000 UTC,base,optimism,46.686181776861126
2026-04-10 12:31:41.000 UTC,arbitrum,base,5.25002625
2026-04-10 12:31:45.000 UTC,arbitrum,hyperliquid,50.00025
2026-04-10 12:31:54.000 UTC,base,arbitrum,2010.4989501999999
2026-04-10 12:31:55.000 UTC,base,ethereum,390.81251054859297
2026-04-10 12:31:58.000 UTC,optimism,ethereum,22128.735821912844
2026-04-10 12:32:03.000 UTC,base,arbitrum,248.0047200174
2026-04-10 12:32:23.000 UTC,ethereum,optimism,30.473121284813995
2026-04-10 12:32:31.000 UTC,polygon,ethereum,2.960481041282279
2026-04-10 12:32:31.000 UTC,arbitrum,hyperliquid,41.46020730000001
2026-04-10 12:32:31.000 UTC,polygon,ethereum,265.899393276533
2026-04-10 12:32:32.000 UTC,arbitrum,base,433.1289960296474
2026-04-10 12:32:35.000 UTC,ethereum,base,362.0665040229899
2026-04-10 12:32:36.000 UTC,arbitrum,hyperliquid,112.64009119764
2026-04-10 12:32:36.000 UTC,arbitrum,hyperliquid,240.0012
2026-04-10 12:32:37.000 UTC,base,ethereum,22.929451549565055
2026-04-10 12:32:40.000 UTC,polygon,arbitrum,12.87182929188168
2026-04-10 12:32:45.000 UTC,arbitrum,hyperliquid,450.00225
2026-04-10 12:32:47.000 UTC,ethereum,arbitrum,208.24026519612
2026-04-10 12:32:47.000 UTC,ethereum,base,9.0600453
2026-04-10 12:32:51.000 UTC,polygon,ethereum,44.07022035
2026-04-10 12:32:59.000 UTC,ethereum,polygon,80.204860022295
2026-04-10 12:33:01.000 UTC,base,arbitrum,7.53888569424
2026-04-10 12:33:03.000 UTC,arbitrum,hyperliquid,415.3800168897
2026-04-10 12:33:04.000 UTC,arbitrum,hyperliquid,2000.03673013365
2026-04-10 12:33:06.000 UTC,arbitrum,hyperliquid,191.5209576
2026-04-10 12:33:09.000 UTC,optimism,base,31.649904000000003
2026-04-10 12:33:09.000 UTC,optimism,base,1.084542422685
2026-04-10 12:33:11.000 UTC,ethereum,hyperliquid,1.5271632000000002
2026-04-10 12:33:13.000 UTC,polygon,base,10.00134200646
2026-04-10 12:33:23.000 UTC,ethereum,base,460.3357226660818
2026-04-10 12:33:23.000 UTC,ethereum,base,26.559360000000005
2026-04-10 12:33:23.000 UTC,ethereum,polygon,10.634304149613767
2026-04-10 12:33:23.000 UTC,polygon,optimism,30.825641304483998
2026-04-10 12:33:27.000 UTC,polygon,zksync,249221.57077862337
2026-04-10 12:33:27.000 UTC,optimism,base,2.18623693113
2026-04-10 12:33:29.000 UTC,arbitrum,hyperliquid,95081.12637525487
2026-04-10 12:33:30.000 UTC,zksync,polygon,141.41243715607672
2026-04-10 12:33:31.000 UTC,arbitrum,hyperliquid,264.7903229888863
2026-04-10 12:33:37.000 UTC,zksync,base,36.740448
2026-04-10 12:33:37.000 UTC,ethereum,zksync,432.2328258421806
2026-04-10 12:33:39.000 UTC,arbitrum,hyperliquid,0.12003575999999999
2026-04-10 12:33:41.000 UTC,base,optimism,0.562025810115
2026-04-10 12:33:46.000 UTC,zksync,ethereum,35010.43
2026-04-10 12:33:47.000 UTC,ethereum,base,22.23621318051
2026-04-10 12:33:47.000 UTC,ethereum,polygon,2.00001
2026-04-10 12:33:54.000 UTC,arbitrum,hyperliquid,1000.005
2026-04-10 12:33:57.000 UTC,arbitrum,hyperliquid,209601.0279999
2026-04-10 12:33:59.000 UTC,ethereum,polygon,127.60528081838976
2026-04-10 12:33:59.000 UTC,ethereum,polygon,3002.1506346781202
2026-04-10 12:34:07.000 UTC,polygon,hyperliquid,3.9769206426257893
2026-04-10 12:34:08.000 UTC,ethereum,polygon,24.99458633003381
2026-04-10 12:34:09.000 UTC,zksync,base,430.4981360624131
2026-04-10 12:34:10.000 UTC,arbitrum,base,123.94368000000001
2026-04-10 12:34:11.000 UTC,base,ethereum,155.82977165892055
2026-04-10 12:34:13.000 UTC,hyperliquid,ethereum,75188.52261773338
2026-04-10 12:34:16.000 UTC,hyperliquid,base,20.366255984800663
2026-04-10 12:34:17.000 UTC,base,hyperliquid,199.19520000000003
2026-04-10 12:34:17.000 UTC,arbitrum,base,263.65088156793473
2026-04-10 12:34:17.000 UTC,arbitrum,hyperliquid,217.25742028167
2026-04-10 12:34:20.000 UTC,base,arbitrum,10.002734414494762
2026-04-10 12:34:21.000 UTC,base,arbitrum,1.03787318934
2026-04-10 12:34:23.000 UTC,base,ethereum,24.305416641970567
2026-04-10 12:34:23.000 UTC,ethereum,hyperliquid,2.00001
2026-04-10 12:34:31.000 UTC,base,arbitrum,5.000025
2026-04-10 12:34:32.000 UTC,base,polygon,40.184791766045265
2026-04-10 12:34:35.000 UTC,ethereum,base,524002.62
2026-04-10 12:34:39.000 UTC,base,ethereum,0.56202681012
2026-04-10 12:34:40.000 UTC,arbitrum,zksync,89.859168
2026-04-10 12:34:41.000 UTC,polygon,arbitrum,12.210632462235804
2026-04-10 12:34:44.000 UTC,polygon,base,758.933712
2026-04-10 12:34:47.000 UTC,arbitrum,base,9.092708819999999
2026-04-10 12:34:51.000 UTC,base,ethereum,74.929719404306
2026-04-10 12:34:51.000 UTC,polygon,arbitrum,10.009694024469937
2026-04-10 12:34:59.000 UTC,ethereum,hyperliquid,200034.15016575
2026-04-10 12:35:00.000 UTC,arbitrum,ethereum,456.75982698349833
2026-04-10 12:35:01.000 UTC,arbitrum,hyperliquid,145.10727814874
2026-04-10 12:35:11.000 UTC,ethereum,base,22.2017
2026-04-10 12:35:11.000 UTC,arbitrum,hyperliquid,144.491609885906
2026-04-10 12:35:13.000 UTC,base,polygon,430.01439225858616
2026-04-10 12:35:19.000 UTC,base,zksync,263.6535102006001
2026-04-10 12:35:23.000 UTC,ethereum,arbitrum,2182.768703605616
2026-04-10 12:35:23.000 UTC,ethereum,arbitrum,57.31393528817999
2026-04-10 12:35:24.000 UTC,arbitrum,ethereum,52.013624
2026-04-10 12:35:36.000 UTC,arbitrum,optimism,350.00092639999997
2026-04-10 12:35:42.000 UTC,arbitrum,hyperliquid,2182.544134783996
2026-04-10 12:35:43.000 UTC,polygon,arbitrum,11309.711035150753
2026-04-10 12:35:51.000 UTC,ethereum,arbitrum,15.036398318100687
2026-04-10 12:35:51.000 UTC,arbitrum,hyperliquid,470.12314
2026-04-10 12:35:54.000 UTC,arbitrum,base,350.00092639999997
2026-04-10 12:35:59.000 UTC,ethereum,base,12.21705503001
2026-04-10 12:36:01.000 UTC,arbitrum,ethereum,7.205589369924
2026-04-10 12:36:04.000 UTC,arbitrum,hyperliquid,208.054496
2026-04-10 12:36:06.000 UTC,arbitrum,zksync,2.443562390444918
2026-04-10 12:36:08.000 UTC,arbitrum,zksync,547.7878404625932
2026-04-10 12:36:11.000 UTC,ethereum,arbitrum,208.559962397508
2026-04-10 12:36:13.000 UTC,base,polygon,111.0085
2026-04-10 12:36:13.000 UTC,polygon,arbitrum,28.489776366267996
2026-04-10 12:36:15.000 UTC,base,arbitrum,429.1122361043375
2026-04-10 12:36:19.000 UTC,zksync,base,261.4220777459431
2026-04-10 12:36:20.000 UTC,zksync,ethereum,1.7389557371286262
2026-04-10 12:36:23.000 UTC,arbitrum,hyperliquid,208.532795281588
2026-04-10 12:36:23.000 UTC,ethereum,base,4.4375263273679995
2026-04-10 12:36:23.000 UTC,ethereum,hyperliquid,126.19330998707198
2026-04-10 12:36:24.000 UTC,arbitrum,polygon,221.935683918624
2026-04-10 12:36:33.000 UTC,base,ethereum,88.8068
2026-04-10 12:36:35.000 UTC,polygon,base,68.83127682934
2026-04-10 12:36:35.000 UTC,ethereum,arbitrum,799.68031581072
2026-04-10 12:36:35.000 UTC,ethereum,arbitrum,2031.7499999999998
2026-04-10 12:36:43.000 UTC,base,arbitrum,272.59016291590603
2026-04-10 12:36:43.000 UTC,optimism,base,546.887006662516
2026-04-10 12:36:43.000 UTC,arbitrum,hyperliquid,52.77698394792
2026-04-10 12:36:47.000 UTC,arbitrum,optimism,427.7209972202074
2026-04-10 12:36:53.000 UTC,arbitrum,zksync,340.5165656
2026-04-10 12:36:53.000 UTC,polygon,arbitrum,1000.9531987671198
2026-04-10 12:36:53.000 UTC,base,polygon,19.98153
2026-04-10 12:36:55.000 UTC,polygon,base,10.502751
2026-04-10 12:36:57.000 UTC,polygon,ethereum,998.5620437281179
2026-04-10 12:36:59.000 UTC,arbitrum,hyperliquid,0.44020239999999994
2026-04-10 12:36:59.000 UTC,ethereum,arbitrum,301.078862
2026-04-10 12:36:59.000 UTC,ethereum,base,1.0281806492769115e-18
2026-04-10 12:36:59.000 UTC,optimism,polygon,42.2054317
2026-04-10 12:37:17.000 UTC,arbitrum,hyperliquid,7.621996439999999
2026-04-10 12:37:23.000 UTC,polygon,arbitrum,40.049495297259995
2026-04-10 12:37:28.000 UTC,arbitrum,hyperliquid,600.1572
2026-04-10 12:37:33.000 UTC,polygon,base,64.38493
2026-04-10 12:37:35.000 UTC,ethereum,polygon,197.91799102718022
2026-04-10 12:37:35.000 UTC,polygon,ethereum,86.9053530817
2026-04-10 12:37:35.000 UTC,ethereum,zksync,312.861701295286
2026-04-10 12:37:35.000 UTC,ethereum,hyperliquid,292.244047885
2026-04-10 12:37:39.000 UTC,arbitrum,zksync,338.4256042
2026-04-10 12:37:39.000 UTC,base,arbitrum,6.609437077131256
2026-04-10 12:37:43.000 UTC,base,zksync,545.2610745980395
2026-04-10 12:37:46.000 UTC,polygon,zksync,426.941983759818
2026-04-10 12:37:49.000 UTC,hyperliquid,base,130.99003000000002
2026-04-10 12:37:51.000 UTC,optimism,polygon,4802.252496594632
2026-04-10 12:37:55.000 UTC,base,arbitrum,259.20057118491206
2026-04-10 12:38:03.000 UTC,arbitrum,optimism,0.42019319999999993
2026-04-10 12:38:03.000 UTC,arbitrum,base,19.98153
2026-04-10 12:38:05.000 UTC,polygon,base,10.502751
2026-04-10 12:38:09.000 UTC,base,optimism,18.431998918802
2026-04-10 12:38:11.000 UTC,ethereum,base,2.0701471270269374
2026-04-10 12:38:11.000 UTC,ethereum,zksync,9.179255915391941e-19
2026-04-10 12:38:15.000 UTC,polygon,ethereum,1.497392214
2026-04-10 12:38:15.000 UTC,polygon,ethereum,102.31242546831761
2026-04-10 12:38:18.000 UTC,base,arbitrum,650.2989999999999
2026-04-10 12:38:24.000 UTC,arbitrum,polygon,44.60892947819
2026-04-10 12:38:25.000 UTC,hyperliquid,arbitrum,3.0014199715410257
2026-04-10 12:38:25.000 UTC,arbitrum,hyperliquid,19.991993530334
2026-04-10 12:38:30.000 UTC,polygon,ethereum,37.74289
2026-04-10 12:38:31.000 UTC,base,arbitrum,6.4577122858126215
2026-04-10 12:38:33.000 UTC,polygon,base,4.2011004000000005
2026-04-10 12:38:35.000 UTC,ethereum,base,100.539561465474
2026-04-10 12:38:36.000 UTC,arbitrum,base,2.9932840350000003
2026-04-10 12:38:36.000 UTC,arbitrum,hyperliquid,2699.34704368
2026-04-10 12:38:37.000 UTC,arbitrum,hyperliquid,2925.486529706286
2026-04-10 12:38:38.000 UTC,arbitrum,hyperliquid,400.39487598
2026-04-10 12:38:38.000 UTC,base,arbitrum,1.0042610399999998
2026-04-10 12:38:39.000 UTC,arbitrum,hyperliquid,3140.777734227292
2026-04-10 12:38:39.000 UTC,optimism,base,1.3893754470364055e-19
2026-04-10 12:38:39.000 UTC,arbitrum,hyperliquid,3475.107977807356
2026-04-10 12:38:40.000 UTC,arbitrum,hyperliquid,2071.277794638644
2026-04-10 12:38:44.000 UTC,zksync,optimism,543.0293291836708
2026-04-10 12:38:45.000 UTC,arbitrum,hyperliquid,1000.4620524
2026-04-10 12:38:51.000 UTC,zksync,arbitrum,425.82091894273833
2026-04-10 12:38:54.000 UTC,arbitrum,optimism,258.5888767583003
2026-04-10 12:38:59.000 UTC,ethereum,hyperliquid,994.764210956562
2026-04-10 12:38:59.000 UTC,ethereum,base,2.22137e-18
2026-04-10 12:39:04.000 UTC,arbitrum,hyperliquid,79.34648259999999
2026-04-10 12:39:11.000 UTC,ethereum,polygon,3644.276841404748
2026-04-10 12:39:17.000 UTC,optimism,arbitrum,541.9167934562082
2026-04-10 12:39:31.000 UTC,base,ethereum,90.595110701822
2026-04-10 12:39:31.000 UTC,arbitrum,hyperliquid,276.72220422716396
2026-04-10 12:39:33.000 UTC,optimism,ethereum,4802.251676379792
2026-04-10 12:39:33.000 UTC,base,arbitrum,79.53657
2026-04-10 12:39:34.000 UTC,arbitrum,ethereum,4.822217199999999
2026-04-10 12:39:35.000 UTC,ethereum,polygon,10908.765724999997
2026-04-10 12:39:35.000 UTC,polygon,zksync,257.8065007241082
2026-04-10 12:39:36.000 UTC,arbitrum,hyperliquid,264.650644306888
2026-04-10 12:39:42.000 UTC,ethereum,optimism,117.861812706542
2026-04-10 12:39:47.000 UTC,ethereum,base,1021.4360353340193
2026-04-10 12:39:47.000 UTC,ethereum,arbitrum,55.50425
2026-04-10 12:39:53.000 UTC,zksync,base,40.24020817301599
2026-04-10 12:39:53.000 UTC,base,ethereum,11.930723030675999
2026-04-10 12:39:54.000 UTC,arbitrum,base,424.6092930352721
2026-04-10 12:39:57.000 UTC,polygon,ethereum,1292.3325051040388
2026-04-10 12:40:01.000 UTC,base,polygon,0.66943747706
2026-04-10 12:40:22.000 UTC,arbitrum,hyperliquid,14.9938855203
2026-04-10 12:40:23.000 UTC,ethereum,base,12.770140625994
2026-04-10 12:40:23.000 UTC,base,hyperliquid,26.477689811825996
2026-04-10 12:40:25.000 UTC,base,arbitrum,4.999395
2026-04-10 12:40:29.000 UTC,arbitrum,base,540.453799534523
2026-04-10 12:40:35.000 UTC,hyperliquid,base,0.12146572595666959
2026-04-10 12:40:41.000 UTC,base,hyperliquid,0.5999274
2026-04-10 12:40:41.000 UTC,ethereum,arbitrum,952.8327877574964
2026-04-10 12:40:47.000 UTC,ethereum,polygon,5000.9
2026-04-10 12:40:49.000 UTC,base,polygon,39.591897800631
2026-04-10 12:40:50.000 UTC,zksync,base,256.36273062843173
2026-04-10 12:40:51.000 UTC,arbitrum,hyperliquid,6.6691929299999995
2026-04-10 12:40:57.000 UTC,base,arbitrum,423.41233790988537
2026-04-10 12:40:59.000 UTC,ethereum,arbitrum,8.240717746292562
2026-04-10 12:40:59.000 UTC,ethereum,base,505.4363421595601
2026-04-10 12:41:02.000 UTC,arbitrum,hyperliquid,2194.377302214666
2026-04-10 12:41:03.000 UTC,arbitrum,hyperliquid,2012.9163486471389
2026-04-10 12:41:05.000 UTC,arbitrum,hyperliquid,3218.636723826654
2026-04-10 12:41:06.000 UTC,polygon,ethereum,142.32596727200257
2026-04-10 12:41:06.000 UTC,arbitrum,hyperliquid,2880.775508980875
2026-04-10 12:41:09.000 UTC,ethereum,base,27.374212319475
2026-04-10 12:41:11.000 UTC,base,arbitrum,41.455739248524
2026-04-10 12:41:17.000 UTC,optimism,ethereum,4800.414831514007
2026-04-10 12:41:23.000 UTC,ethereum,base,335.67182646544563
2026-04-10 12:41:28.000 UTC,arbitrum,optimism,7.809054989999999
2026-04-10 12:41:31.000 UTC,base,optimism,27.50821284814689
2026-04-10 12:41:33.000 UTC,base,zksync,539.7587378995787
2026-04-10 12:41:37.000 UTC,polygon,base,9.448856549999999
2026-04-10 12:41:46.000 UTC,arbitrum,polygon,98.98901088021
2026-04-10 12:41:47.000 UTC,ethereum,base,529.57969418966
2026-04-10 12:41:49.000 UTC,base,arbitrum,1009.285368128912
2026-04-10 12:41:53.000 UTC,base,arbitrum,254.14385790294287
2026-04-10 12:41:54.000 UTC,base,ethereum,0.24377023918949106
2026-04-10 12:41:57.000 UTC,arbitrum,base,422.7496565844595
2026-04-10 12:41:59.000 UTC,ethereum,arbitrum,499.94059986689996
2026-04-10 12:42:03.000 UTC,arbitrum,base,554.932845
2026-04-10 12:42:04.000 UTC,arbitrum,hyperliquid,1000.6410737779139
2026-04-10 12:42:04.000 UTC,zksync,base,537.5307543452985
2026-04-10 12:42:05.000 UTC,zksync,arbitrum,42.184458
2026-04-10 12:42:05.000 UTC,optimism,base,2.88327
2026-04-10 12:42:07.000 UTC,polygon,base,5.24936475
2026-04-10 12:42:13.000 UTC,base,hyperliquid,50.366485917699
2026-04-10 12:42:19.000 UTC,base,ethereum,499.02750000000003
2026-04-10 12:42:21.000 UTC,polygon,base,7.349110649999999
2026-04-10 12:42:21.000 UTC,arbitrum,hyperliquid,0.8701566000000001
2026-04-10 12:42:22.000 UTC,arbitrum,hyperliquid,3560.5177272191577
2026-04-10 12:42:23.000 UTC,ethereum,optimism,2.2179
2026-04-10 12:42:23.000 UTC,arbitrum,hyperliquid,3580.0382709475316
2026-04-10 12:42:24.000 UTC,arbitrum,optimism,202.128487493292
2026-04-10 12:42:27.000 UTC,base,optimism,39.80306239108293
2026-04-10 12:42:27.000 UTC,arbitrum,hyperliquid,2320.4961869828785
2026-04-10 12:42:31.000 UTC,base,arbitrum,422.0902162702747
2026-04-10 12:42:35.000 UTC,arbitrum,hyperliquid,6.9958533993
2026-04-10 12:42:35.000 UTC,arbitrum,hyperliquid,3108.215231444109
2026-04-10 12:42:35.000 UTC,arbitrum,polygon,1200.115982
2026-04-10 12:42:39.000 UTC,arbitrum,base,2.919873131032372
2026-04-10 12:42:47.000 UTC,ethereum,base,1219.845
2026-04-10 12:42:47.000 UTC,base,ethereum,61.09364577428099
2026-04-10 12:42:52.000 UTC,arbitrum,ethereum,1.00018
2026-04-10 12:42:53.000 UTC,arbitrum,base,253.53330386059258
2026-04-10 12:42:54.000 UTC,zksync,ethereum,18.826565159174706
2026-04-10 12:42:55.000 UTC,ethereum,arbitrum,2066.186534105591
2026-04-10 12:42:58.000 UTC,polygon,base,0.5237940058027873
2026-04-10 12:42:59.000 UTC,ethereum,arbitrum,51748.08271425621
2026-04-10 12:42:59.000 UTC,ethereum,base,6199.2498
2026-04-10 12:43:01.000 UTC,base,polygon,3.2034839164614466
2026-04-10 12:43:07.000 UTC,arbitrum,polygon,322.88092668
2026-04-10 12:43:07.000 UTC,optimism,base,4800.41591838248
2026-04-10 12:43:08.000 UTC,optimism,base,1230.04734
2026-04-10 12:43:09.000 UTC,zksync,arbitrum,536.630819850738
2026-04-10 12:43:16.000 UTC,arbitrum,polygon,201.86043093206098
2026-04-10 12:43:19.000 UTC,arbitrum,ethereum,95217.13600000001
2026-04-10 12:43:21.000 UTC,base,optimism,41.91633420518293
2026-04-10 12:43:23.000 UTC,ethereum,arbitrum,71.56134003
2026-04-10 12:43:23.000 UTC,ethereum,hyperliquid,32.90601789
2026-04-10 12:43:26.000 UTC,arbitrum,ethereum,11.402052
2026-04-10 12:43:27.000 UTC,base,ethereum,1219.845
2026-04-10 12:43:27.000 UTC,base,zksync,252.92527982666127
2026-04-10 12:43:30.000 UTC,arbitrum,optimism,421.43168706701164
2026-04-10 12:43:33.000 UTC,arbitrum,hyperliquid,2379.2964642883258
2026-04-10 12:43:34.000 UTC,arbitrum,hyperliquid,3205.430919922296
2026-04-10 12:43:35.000 UTC,ethereum,base,124.259436788646
2026-04-10 12:43:36.000 UTC,arbitrum,hyperliquid,2364.4824909960116
2026-04-10 12:43:36.000 UTC,arbitrum,hyperliquid,2723.7863009738007
2026-04-10 12:43:45.000 UTC,base,arbitrum,81.79133205116999
2026-04-10 12:43:47.000 UTC,polygon,arbitrum,2.01053083042
2026-04-10 12:43:47.000 UTC,ethereum,base,104.987295
2026-04-10 12:43:47.000 UTC,polygon,optimism,10.68870651
2026-04-10 12:43:51.000 UTC,polygon,optimism,29.936741215955998
2026-04-10 12:43:55.000 UTC,arbitrum,hyperliquid,2714.755763801031
2026-04-10 12:43:55.000 UTC,arbitrum,hyperliquid,0.7201296000000001
2026-04-10 12:43:59.000 UTC,ethereum,base,2.1979389
2026-04-10 12:44:09.000 UTC,polygon,ethereum,2.3502129746629596
2026-04-10 12:44:10.000 UTC,arbitrum,zksync,535.0228169132806
2026-04-10 12:44:12.000 UTC,zksync,base,22.179
2026-04-10 12:44:12.000 UTC,hyperliquid,ethereum,15.550565129200892
2026-04-10 12:44:13.000 UTC,arbitrum,ethereum,100.018
2026-04-10 12:44:13.000 UTC,optimism,ethereum,212.35015729135628
2026-04-10 12:44:14.000 UTC,optimism,base,0.3304772482152992
2026-04-10 12:44:15.000 UTC,base,optimism,63.379848901462914
2026-04-10 12:44:19.000 UTC,arbitrum,base,3.8907002000000004
2026-04-10 12:44:19.000 UTC,base,polygon,252.14642813387368
2026-04-10 12:44:22.000 UTC,arbitrum,polygon,201.80517861839996
2026-04-10 12:44:25.000 UTC,polygon,base,5.3636309221200005
2026-04-10 12:44:30.000 UTC,base,polygon,27.354923
2026-04-10 12:44:31.000 UTC,zksync,ethereum,420.64930172595587
2026-04-10 12:44:35.000 UTC,ethereum,polygon,499.90913945096
2026-04-10 12:44:35.000 UTC,ethereum,base,499.9395
2026-04-10 12:44:37.000 UTC,optimism,base,21.447093
2026-04-10 12:44:39.000 UTC,base,arbitrum,6.580418071476804
2026-04-10 12:44:42.000 UTC,zksync,optimism,533.7490839729466
2026-04-10 12:44:45.000 UTC,arbitrum,hyperliquid,996.1694489099999
2026-04-10 12:44:47.000 UTC,ethereum,polygon,7.132738716282527
2026-04-10 12:44:57.000 UTC,optimism,base,0.6727115920469999
2026-04-10 12:44:59.000 UTC,ethereum,zksync,29.99637
2026-04-10 12:44:59.000 UTC,ethereum,base,141965.48918920002
2026-04-10 12:45:01.000 UTC,base,optimism,15.663930454743808
2026-04-10 12:45:05.000 UTC,polygon,zksync,27.889297321212
2026-04-10 12:45:06.000 UTC,ethereum,arbitrum,2.9744518049999993
2026-04-10 12:45:13.000 UTC,arbitrum,hyperliquid,2010.3743364
2026-04-10 12:45:15.000 UTC,zksync,arbitrum,420.85051890934665
2026-04-10 12:45:16.000 UTC,arbitrum,base,60.308882
2026-04-10 12:45:19.000 UTC,base,optimism,50.37987788015
2026-04-10 12:45:21.000 UTC,base,zksync,50.3898723804
2026-04-10 12:45:23.000 UTC,base,hyperliquid,3999.8
2026-04-10 12:45:23.000 UTC,base,polygon,50.40985238135001
2026-04-10 12:45:23.000 UTC,base,zksync,50.39986288085
2026-04-10 12:45:27.000 UTC,base,zksync,50.4198428818
2026-04-10 12:45:30.000 UTC,ethereum,base,0.13952715048270511
2026-04-10 12:45:31.000 UTC,base,polygon,251.7908805379561
2026-04-10 12:45:33.000 UTC,polygon,base,0.42259370858399997
2026-04-10 12:45:47.000 UTC,ethereum,hyperliquid,534.526190763127
2026-04-10 12:45:50.000 UTC,arbitrum,hyperliquid,2499.875
2026-04-10 12:45:51.000 UTC,arbitrum,optimism,29.758512
2026-04-10 12:45:53.000 UTC,arbitrum,base,20.530807408300003
2026-04-10 12:45:56.000 UTC,arbitrum,hyperliquid,9.9995
2026-04-10 12:45:57.000 UTC,base,optimism,20.473695977405217
2026-04-10 12:45:59.000 UTC,arbitrum,base,0.44010383999999997
2026-04-10 12:45:59.000 UTC,ethereum,arbitrum,1.1197166071576705
2026-04-10 12:45:59.000 UTC,ethereum,zksync,3000.7079999999996
2026-04-10 12:45:59.000 UTC,ethereum,polygon,74.4925761
2026-04-10 12:45:59.000 UTC,ethereum,arbitrum,8122.783
2026-04-10 12:46:05.000 UTC,base,arbitrum,250.7540229608654
2026-04-10 12:46:08.000 UTC,arbitrum,hyperliquid,934.24387647045
2026-04-10 12:46:09.000 UTC,arbitrum,hyperliquid,999.8687260639
2026-04-10 12:46:11.000 UTC,ethereum,arbitrum,41598.2035838201
2026-04-10 12:46:11.000 UTC,ethereum,optimism,39.69048426450579
2026-04-10 12:46:11.000 UTC,ethereum,base,3042.14914
2026-04-10 12:46:11.000 UTC,arbitrum,hyperliquid,99.995
2026-04-10 12:46:11.000 UTC,ethereum,polygon,1.94065196255
2026-04-10 12:46:13.000 UTC,base,optimism,2010.3743364
2026-04-10 12:46:15.000 UTC,arbitrum,hyperliquid,493.7253125
2026-04-10 12:46:18.000 UTC,arbitrum,base,419.6381405432014
2026-04-10 12:46:21.000 UTC,polygon,ethereum,194.76184897304205
2026-04-10 12:46:22.000 UTC,optimism,hyperliquid,1.1672923262589376
2026-04-10 12:46:29.000 UTC,base,zksync,201.73640767525
2026-04-10 12:46:36.000 UTC,arbitrum,hyperliquid,79.41469906649999
2026-04-10 12:46:39.000 UTC,base,hyperliquid,50.439897879
2026-04-10 12:46:39.000 UTC,base,polygon,50.429922377800004
2026-04-10 12:46:41.000 UTC,base,zksync,50.44988837945
2026-04-10 12:46:42.000 UTC,zksync,base,8.0301615990162
2026-04-10 12:46:42.000 UTC,polygon,ethereum,10.991589061665003
2026-04-10 12:46:42.000 UTC,ethereum,arbitrum,533.4083410415197
2026-04-10 12:46:43.000 UTC,base,ethereum,50.459891879249994
2026-04-10 12:46:43.000 UTC,arbitrum,hyperliquid,0.24897974535599998
2026-04-10 12:46:44.000 UTC,zksync,optimism,41.804589547834226
2026-04-10 12:46:47.000 UTC,base,optimism,20.495188742669768
2026-04-10 12:46:49.000 UTC,base,ethereum,24.16233314730296
2026-04-10 12:46:50.000 UTC,arbitrum,ethereum,0.15003539999999999
2026-04-10 12:46:51.000 UTC,zksync,base,160.01340941545914
2026-04-10 12:46:57.000 UTC,polygon,ethereum,77.114961
2026-04-10 12:46:59.000 UTC,ethereum,polygon,1708.3630785599998
2026-04-10 12:46:59.000 UTC,ethereum,arbitrum,200.97777797141103
2026-04-10 12:46:59.000 UTC,ethereum,optimism,51.55631488934346
2026-04-10 12:47:02.000 UTC,arbitrum,hyperliquid,899.2121639999999
2026-04-10 12:47:05.000 UTC,polygon,ethereum,507.6957526075423
2026-04-10 12:47:05.000 UTC,arbitrum,hyperliquid,23227.12657260065
2026-04-10 12:47:07.000 UTC,arbitrum,optimism,0.22864794818399997
2026-04-10 12:47:08.000 UTC,arbitrum,base,2.8273509340684932
2026-04-10 12:47:08.000 UTC,arbitrum,optimism,489.3135390997
2026-04-10 12:47:11.000 UTC,polygon,base,2.099895
2026-04-10 12:47:19.000 UTC,arbitrum,ethereum,2931.7040749160155
2026-04-10 12:47:20.000 UTC,arbitrum,base,99.995
2026-04-10 12:47:20.000 UTC,arbitrum,zksync,532.6284494156141
2026-04-10 12:47:21.000 UTC,base,arbitrum,418.97747858290273
2026-04-10 12:47:23.000 UTC,ethereum,base,3.019079334612
2026-04-10 12:47:23.000 UTC,ethereum,base,57.7471125
2026-04-10 12:47:29.000 UTC,base,optimism,201.54365731325
2026-04-10 12:47:30.000 UTC,arbitrum,hyperliquid,1999.9
2026-04-10 12:47:36.000 UTC,arbitrum,base,1.4865583058
2026-04-10 12:47:36.000 UTC,arbitrum,hyperliquid,2673.2563305
2026-04-10 12:47:43.000 UTC,base,optimism,55.30652292405544
2026-04-10 12:47:43.000 UTC,polygon,ethereum,2.14740327732017e-18
2026-04-10 12:47:45.000 UTC,arbitrum,hyperliquid,15994.1102545
2026-04-10 12:47:47.000 UTC,ethereum,arbitrum,208.53866954515001
2026-04-10 12:47:47.000 UTC,ethereum,arbitrum,208.42658914945
2026-04-10 12:47:52.000 UTC,arbitrum,zksync,418.31684119861916
2026-04-10 12:47:53.000 UTC,arbitrum,hyperliquid,208.51142890724998
2026-04-10 12:47:57.000 UTC,base,ethereum,124.26170560405
2026-04-10 12:47:57.000 UTC,arbitrum,hyperliquid,208.3993535113
2026-04-10 12:47:59.000 UTC,ethereum,hyperliquid,214834.80278574687
2026-04-10 12:47:59.000 UTC,ethereum,polygon,991.2004375
2026-04-10 12:48:13.000 UTC,optimism,arbitrum,2010.3743364
2026-04-10 12:48:17.000 UTC,arbitrum,hyperliquid,129.9935
2026-04-10 12:48:18.000 UTC,arbitrum,base,499.975
2026-04-10 12:48:19.000 UTC,optimism,zksync,4.000944
2026-04-10 12:48:21.000 UTC,zksync,arbitrum,531.351689734839
2026-04-10 12:48:23.000 UTC,ethereum,arbitrum,991.2004375
2026-04-10 12:48:23.000 UTC,optimism,ethereum,0.0556355
2026-04-10 12:48:23.000 UTC,ethereum,polygon,231.20383596840685
2026-04-10 12:48:25.000 UTC,base,zksync,2.22542
2026-04-10 12:48:27.000 UTC,ethereum,polygon,337.106784221306
2026-04-10 12:48:33.000 UTC,base,optimism,7.84553915860701
2026-04-10 12:48:44.000 UTC,arbitrum,base,3884.8615952076
2026-04-10 12:48:44.000 UTC,arbitrum,ethereum,16.003776
2026-04-10 12:48:45.000 UTC,arbitrum,hyperliquid,32.7037587303
2026-04-10 12:48:47.000 UTC,ethereum,zksync,4.29611418355
2026-04-10 12:48:54.000 UTC,zksync,base,417.0975478480374
2026-04-10 12:48:55.000 UTC,optimism,zksync,5.001179999999999
2026-04-10 12:48:57.000 UTC,optimism,base,0.0556355
2026-04-10 12:48:59.000 UTC,ethereum,polygon,51.457705391015025
2026-04-10 12:49:04.000 UTC,arbitrum,hyperliquid,1131.283433
2026-04-10 12:49:11.000 UTC,ethereum,hyperliquid,992.95035
2026-04-10 12:49:13.000 UTC,arbitrum,hyperliquid,799.96
2026-04-10 12:49:15.000 UTC,base,ethereum,54085.19136221215
2026-04-10 12:49:19.000 UTC,optimism,polygon,28.606749599999997
2026-04-10 12:49:23.000 UTC,arbitrum,hyperliquid,7899.605
2026-04-10 12:49:23.000 UTC,ethereum,arbitrum,24.702162
2026-04-10 12:49:23.000 UTC,ethereum,base,10.04425476215
2026-04-10 12:49:24.000 UTC,arbitrum,zksync,0.03000708
2026-04-10 12:49:24.000 UTC,arbitrum,hyperliquid,530.0816119718729
2026-04-10 12:49:27.000 UTC,polygon,hyperliquid,39247.07973842866
2026-04-10 12:49:33.000 UTC,arbitrum,base,27.3723993116
2026-04-10 12:49:35.000 UTC,ethereum,base,10.499475
2026-04-10 12:49:37.000 UTC,base,ethereum,4.99975
2026-04-10 12:49:41.000 UTC,polygon,base,529.3009320583416
2026-04-10 12:49:45.000 UTC,arbitrum,hyperliquid,23998.8
2026-04-10 12:49:47.000 UTC,arbitrum,ethereum,22.294727595692944
2026-04-10 12:49:51.000 UTC,polygon,ethereum,972.954634116756
2026-04-10 12:49:59.000 UTC,base,ethereum,9.685872326532
2026-04-10 12:49:59.000 UTC,polygon,base,1999.1860775939158
2026-04-10 12:50:00.000 UTC,arbitrum,hyperliquid,2581.32334302951
2026-04-10 12:50:01.000 UTC,arbitrum,hyperliquid,2717.057084015776
2026-04-10 12:50:02.000 UTC,arbitrum,hyperliquid,5.0626970933179996
2026-04-10 12:50:03.000 UTC,arbitrum,hyperliquid,2546.160754245188
2026-04-10 12:50:04.000 UTC,arbitrum,base,111.26318125504001
2026-04-10 12:50:04.000 UTC,arbitrum,hyperliquid,2283.5365009584816
2026-04-10 12:50:07.000 UTC,base,ethereum,18597.306127527616
2026-04-10 12:50:11.000 UTC,ethereum,arbitrum,5.002207344053544
2026-04-10 12:50:11.000 UTC,ethereum,polygon,436.97657287
2026-04-10 12:50:11.000 UTC,ethereum,base,15.7490235
2026-04-10 12:50:14.000 UTC,optimism,arbitrum,15.516019947116
2026-04-10 12:50:17.000 UTC,base,arbitrum,414.82285356511505
2026-04-10 12:50:19.000 UTC,base,ethereum,4.10086994904
2026-04-10 12:50:23.000 UTC,polygon,optimism,10.771324822625697
2026-04-10 12:50:29.000 UTC,optimism,polygon,26.820727458348685
2026-04-10 12:50:47.000 UTC,ethereum,base,3.483930440035912
2026-04-10 12:50:48.000 UTC,arbitrum,hyperliquid,414.16351277360616
2026-04-10 12:50:49.000 UTC,hyperliquid,ethereum,1518.97921671335
2026-04-10 12:50:51.000 UTC,arbitrum,hyperliquid,2083.972153715184
2026-04-10 12:50:52.000 UTC,arbitrum,hyperliquid,89.7944324
2026-04-10 12:50:57.000 UTC,optimism,ethereum,668.5273742874863
2026-04-10 12:50:57.000 UTC,base,ethereum,3.8790672953399996
2026-04-10 12:50:57.000 UTC,zksync,arbitrum,8.25229203822
2026-04-10 12:51:01.000 UTC,polygon,base,1.5871873831097523
2026-04-10 12:51:03.000 UTC,base,arbitrum,1.3996691268456023
2026-04-10 12:51:03.000 UTC,ethereum,base,10.151920322491275
2026-04-10 12:51:05.000 UTC,optimism,hyperliquid,2.8915119999999996
2026-04-10 12:51:08.000 UTC,base,ethereum,174.530085463766
2026-04-10 12:51:09.000 UTC,zksync,arbitrum,25.354306406159996
2026-04-10 12:51:11.000 UTC,ethereum,arbitrum,286.33500174924
2026-04-10 12:51:11.000 UTC,base,zksync,100.97373924
2026-04-10 12:51:13.000 UTC,polygon,ethereum,1067.065305171118
2026-04-10 12:51:16.000 UTC,arbitrum,hyperliquid,999.8566110464279
2026-04-10 12:51:22.000 UTC,hyperliquid,base,6.95876414494202
2026-04-10 12:51:26.000 UTC,ethereum,optimism,141.23924
2026-04-10 12:51:26.000 UTC,hyperliquid,ethereum,628.7956195199705
2026-04-10 12:51:29.000 UTC,base,arbitrum,22.244239771622
2026-04-10 12:51:35.000 UTC,ethereum,base,10.499349
2026-04-10 12:51:38.000 UTC,arbitrum,hyperliquid,2999.814
2026-04-10 12:51:39.000 UTC,base,ethereum,23.976997792027067
2026-04-10 12:51:41.000 UTC,base,zksync,413.38331801897385
2026-04-10 12:51:41.000 UTC,base,arbitrum,528.4601556019616
2026-04-10 12:51:47.000 UTC,arbitrum,hyperliquid,100.18378822
2026-04-10 12:51:55.000 UTC,polygon,base,77.927357204282
2026-04-10 12:51:55.000 UTC,polygon,ethereum,54.53292487499999
2026-04-10 12:51:55.000 UTC,arbitrum,hyperliquid,5073.685412
2026-04-10 12:52:06.000 UTC,arbitrum,base,1.3796045534251993
2026-04-10 12:52:07.000 UTC,hyperliquid,polygon,900.2339999999999
2026-04-10 12:52:07.000 UTC,polygon,base,4.9983900806
2026-04-10 12:52:11.000 UTC,ethereum,polygon,36607.3563476677
2026-04-10 12:52:14.000 UTC,polygon,zksync,6.940554075
2026-04-10 12:52:15.000 UTC,polygon,zksync,158.62573997208
2026-04-10 12:52:17.000 UTC,ethereum,arbitrum,65.68528429139573
2026-04-10 12:52:19.000 UTC,base,ethereum,19.97055124500075
2026-04-10 12:52:23.000 UTC,ethereum,arbitrum,637.6879624763662
2026-04-10 12:52:27.000 UTC,optimism,polygon,324.844505546669
2026-04-10 12:52:29.000 UTC,arbitrum,hyperliquid,45.92715234
2026-04-10 12:52:33.000 UTC,arbitrum,zksync,10.0026
2026-04-10 12:52:40.000 UTC,arbitrum,zksync,527.7642468841723
2026-04-10 12:52:43.000 UTC,arbitrum,hyperliquid,199.9876
2026-04-10 12:52:47.000 UTC,ethereum,polygon,9.483465059999999
2026-04-10 12:52:48.000 UTC,base,ethereum,694.0447814004172
2026-04-10 12:52:50.000 UTC,arbitrum,hyperliquid,29977.081305720003
2026-04-10 12:52:53.000 UTC,arbitrum,hyperliquid,60.009856158226
2026-04-10 12:52:53.000 UTC,base,arbitrum,412.6036708952683
2026-04-10 12:52:54.000 UTC,arbitrum,ethereum,180738.97992
2026-04-10 12:52:59.000 UTC,ethereum,base,1737.3667545823641
2026-04-10 12:52:59.000 UTC,ethereum,base,715.0858801098942
2026-04-10 12:52:59.000 UTC,ethereum,base,999938
2026-04-10 12:52:59.000 UTC,ethereum,zksync,660889.02234
2026-04-10 12:53:05.000 UTC,optimism,base,5.126026274820962
2026-04-10 12:53:11.000 UTC,ethereum,arbitrum,90.30414399999998
2026-04-10 12:53:12.000 UTC,zksync,arbitrum,526.4910953920278
2026-04-10 12:53:12.000 UTC,arbitrum,hyperliquid,1694.89491
2026-04-10 12:53:19.000 UTC,optimism,hyperliquid,4800.674667715664
2026-04-10 12:53:24.000 UTC,arbitrum,base,411.9450046397789
2026-04-10 12:53:25.000 UTC,polygon,ethereum,10.8998482239
2026-04-10 12:53:25.000 UTC,base,ethereum,86.74535999999998
2026-04-10 12:53:30.000 UTC,optimism,hyperliquid,4.448479999999999
2026-04-10 12:53:31.000 UTC,base,arbitrum,6.207139133511999
2026-04-10 12:53:35.000 UTC,ethereum,base,3303.387268948834
2026-04-10 12:53:51.000 UTC,arbitrum,hyperliquid,1213.924732
2026-04-10 12:53:57.000 UTC,arbitrum,ethereum,28.431221154992
2026-04-10 12:54:05.000 UTC,arbitrum,polygon,84684.01212
2026-04-10 12:54:06.000 UTC,optimism,ethereum,0.6022190131791777
2026-04-10 12:54:07.000 UTC,polygon,ethereum,99.1401775709092
2026-04-10 12:54:09.000 UTC,base,ethereum,4.448479999999999
2026-04-10 12:54:14.000 UTC,arbitrum,zksync,525.2273642189641
2026-04-10 12:54:16.000 UTC,arbitrum,optimism,0.030007799999999998
2026-04-10 12:54:27.000 UTC,base,polygon,411.28752292288596
2026-04-10 12:54:27.000 UTC,arbitrum,hyperliquid,2329.167673650358
2026-04-10 12:54:33.000 UTC,base,ethereum,65.90087978121434
2026-04-10 12:54:35.000 UTC,base,ethereum,1.27799985672
2026-04-10 12:54:45.000 UTC,arbitrum,hyperliquid,4.99969
2026-04-10 12:54:46.000 UTC,arbitrum,hyperliquid,19.838769919999997
2026-04-10 12:54:47.000 UTC,base,hyperliquid,2.1291238678513884
2026-04-10 12:54:47.000 UTC,ethereum,arbitrum,622.16172
2026-04-10 12:54:54.000 UTC,arbitrum,zksync,10.337937165
2026-04-10 12:54:56.000 UTC,arbitrum,optimism,10.180591265699999
2026-04-10 12:54:57.000 UTC,arbitrum,polygon,10.139835671999998
2026-04-10 12:55:03.000 UTC,optimism,polygon,4800.25034476011
2026-04-10 12:55:05.000 UTC,base,ethereum,4999.275
2026-04-10 12:55:10.000 UTC,arbitrum,hyperliquid,699.698529
2026-04-10 12:55:11.000 UTC,ethereum,base,199.9791
2026-04-10 12:55:16.000 UTC,arbitrum,hyperliquid,999.78340838229
2026-04-10 12:55:16.000 UTC,zksync,base,522.889234291289
2026-04-10 12:55:19.000 UTC,polygon,arbitrum,16.021866695064002
2026-04-10 12:55:19.000 UTC,hyperliquid,ethereum,8.340004057471992
2026-04-10 12:55:21.000 UTC,polygon,base,6.593987671155958
2026-04-10 12:55:23.000 UTC,base,hyperliquid,188.839995229755
2026-04-10 12:55:23.000 UTC,ethereum,base,20.996955
2026-04-10 12:55:25.000 UTC,base,arbitrum,817.6923199999999
2026-04-10 12:55:25.000 UTC,polygon,ethereum,3.966516338301
2026-04-10 12:55:26.000 UTC,hyperliquid,arbitrum,409.67088836385307
2026-04-10 12:55:34.000 UTC,arbitrum,zksync,0.27003699
2026-04-10 12:55:34.000 UTC,arbitrum,hyperliquid,397.19949972021004
2026-04-10 12:55:35.000 UTC,polygon,ethereum,1.996273452
2026-04-10 12:55:37.000 UTC,base,hyperliquid,26.904457287945004
2026-04-10 12:55:39.000 UTC,arbitrum,zksync,1290.0767163
2026-04-10 12:55:42.000 UTC,arbitrum,zksync,517.4349836233221
2026-04-10 12:55:43.000 UTC,optimism,zksync,243.17985949850697
2026-04-10 12:55:50.000 UTC,arbitrum,optimism,178.024386
2026-04-10 12:55:51.000 UTC,polygon,optimism,364.544931814452
2026-04-10 12:55:52.000 UTC,zksync,ethereum,23.23448980578432
2026-04-10 12:55:55.000 UTC,optimism,arbitrum,2.36686675455
2026-04-10 12:55:56.000 UTC,arbitrum,base,46.25349933749999
2026-04-10 12:55:57.000 UTC,arbitrum,zksync,9997.550145
2026-04-10 12:55:57.000 UTC,arbitrum,hyperliquid,2428.11787185
2026-04-10 12:55:59.000 UTC,base,zksync,520.6681815851497
2026-04-10 12:56:01.000 UTC,arbitrum,ethereum,5.487420673653
2026-04-10 12:56:01.000 UTC,arbitrum,hyperliquid,49987.970693100004
2026-04-10 12:56:03.000 UTC,hyperliquid,ethereum,14.961248079873581
2026-04-10 12:56:06.000 UTC,optimism,polygon,184.458242766292
2026-04-10 12:56:08.000 UTC,arbitrum,polygon,0.78010686
2026-04-10 12:56:11.000 UTC,ethereum,arbitrum,30.772443713047362
2026-04-10 12:56:11.000 UTC,ethereum,base,86.866075592415
2026-04-10 12:56:15.000 UTC,optimism,arbitrum,516.5347535346108
2026-04-10 12:56:22.000 UTC,arbitrum,ethereum,1073.7294095231682
2026-04-10 12:56:31.000 UTC,base,ethereum,48.97789170961571
2026-04-10 12:56:31.000 UTC,arbitrum,hyperliquid,59.9913
2026-04-10 12:56:31.000 UTC,arbitrum,base,124.981875
2026-04-10 12:56:33.000 UTC,base,optimism,1.7523148774950001
2026-04-10 12:56:35.000 UTC,ethereum,arbitrum,21.146171881363845
2026-04-10 12:56:41.000 UTC,arbitrum,hyperliquid,158.366782486395
2026-04-10 12:56:43.000 UTC,arbitrum,hyperliquid,1999.71
2026-04-10 12:56:43.000 UTC,optimism,hyperliquid,1.000137e+06
2026-04-10 12:56:47.000 UTC,ethereum,base,1777.5919999999996
2026-04-10 12:56:51.000 UTC,base,arbitrum,124.110062749494
2026-04-10 12:56:52.000 UTC,arbitrum,hyperliquid,51.326129631915
2026-04-10 12:56:55.000 UTC,zksync,base,27.37783363842
2026-04-10 12:56:59.000 UTC,ethereum,base,149.27315845402936
2026-04-10 12:57:00.000 UTC,zksync,base,518.4383022633477
2026-04-10 12:57:01.000 UTC,base,polygon,54.992025
2026-04-10 12:57:07.000 UTC,polygon,base,93.1261490878853
2026-04-10 12:57:07.000 UTC,polygon,arbitrum,7840.361140340647
2026-04-10 12:57:11.000 UTC,ethereum,base,803.2769101440502
2026-04-10 12:57:13.000 UTC,arbitrum,polygon,800.1096
2026-04-10 12:57:15.000 UTC,optimism,base,4800.293484503941
2026-04-10 12:57:16.000 UTC,arbitrum,zksync,514.9701344107752
2026-04-10 12:57:17.000 UTC,base,ethereum,9356.820417283816
2026-04-10 12:57:21.000 UTC,base,hyperliquid,5.06759909157
2026-04-10 12:57:23.000 UTC,base,ethereum,1777.5919999999996
2026-04-10 12:57:23.000 UTC,base,ethereum,12.5117368313
2026-04-10 12:57:25.000 UTC,base,ethereum,48111.984224586275
2026-04-10 12:57:33.000 UTC,polygon,optimism,140.521840855104
2026-04-10 12:57:35.000 UTC,ethereum,base,0.9833113991700001
2026-04-10 12:57:41.000 UTC,base,hyperliquid,199.971086987385
2026-04-10 12:57:47.000 UTC,ethereum,base,39.9942
2026-04-10 12:57:47.000 UTC,ethereum,arbitrum,661.1048548942949
2026-04-10 12:57:49.000 UTC,base,optimism,41.94658202400152
2026-04-10 12:57:49.000 UTC,arbitrum,hyperliquid,66.16040535
2026-04-10 12:57:59.000 UTC,ethereum,arbitrum,208.62360519030003
2026-04-10 12:57:59.000 UTC,ethereum,base,5.943164116230001
2026-04-10 12:58:03.000 UTC,base,ethereum,2.8870002769409995
2026-04-10 12:58:03.000 UTC,base,arbitrum,516.2165432546616
2026-04-10 12:58:11.000 UTC,base,ethereum,0.8852243514678834
2026-04-10 12:58:13.000 UTC,optimism,ethereum,264.85907754766026
2026-04-10 12:58:14.000 UTC,arbitrum,hyperliquid,208.59633914445
2026-04-10 12:58:15.000 UTC,arbitrum,base,3448.680355489287
2026-04-10 12:58:19.000 UTC,zksync,base,513.7033597657206
2026-04-10 12:58:22.000 UTC,zksync,base,1199.83554461583
2026-04-10 12:58:23.000 UTC,polygon,arbitrum,999.855
2026-04-10 12:58:33.000 UTC,base,optimism,33.58270252643614
2026-04-10 12:58:33.000 UTC,arbitrum,base,515.5292353504825
2026-04-10 12:58:34.000 UTC,arbitrum,hyperliquid,39.9942
2026-04-10 12:58:34.000 UTC,arbitrum,hyperliquid,39.9942
2026-04-10 12:58:34.000 UTC,arbitrum,hyperliquid,39.9942
2026-04-10 12:58:34.000 UTC,arbitrum,hyperliquid,39.9942
2026-04-10 12:58:34.000 UTC,arbitrum,hyperliquid,39.9942
2026-04-10 12:58:34.000 UTC,arbitrum,hyperliquid,39.9942
2026-04-10 12:58:34.000 UTC,arbitrum,hyperliquid,39.9942
2026-04-10 12:58:34.000 UTC,arbitrum,hyperliquid,39.9942
2026-04-10 12:58:34.000 UTC,arbitrum,hyperliquid,39.9942
2026-04-10 12:58:34.000 UTC,arbitrum,hyperliquid,39.9942
2026-04-10 12:58:34.000 UTC,arbitrum,hyperliquid,39.9942
2026-04-10 12:58:34.000 UTC,arbitrum,hyperliquid,39.9942
2026-04-10 12:58:34.000 UTC,arbitrum,hyperliquid,39.9942
2026-04-10 12:58:34.000 UTC,arbitrum,hyperliquid,39.9942
2026-04-10 12:58:34.000 UTC,arbitrum,hyperliquid,39.9942
2026-04-10 12:58:34.000 UTC,arbitrum,hyperliquid,39.9942
2026-04-10 12:58:34.000 UTC,arbitrum,hyperliquid,39.9942
2026-04-10 12:58:34.000 UTC,arbitrum,hyperliquid,39.9942
2026-04-10 12:58:34.000 UTC,arbitrum,hyperliquid,39.9942
2026-04-10 12:58:34.000 UTC,arbitrum,hyperliquid,39.9942
2026-04-10 12:58:34.000 UTC,arbitrum,hyperliquid,39.9942
2026-04-10 12:58:34.000 UTC,arbitrum,hyperliquid,39.9942
2026-04-10 12:58:34.000 UTC,arbitrum,hyperliquid,39.9942
2026-04-10 12:58:34.000 UTC,arbitrum,hyperliquid,39.9942
2026-04-10 12:58:34.000 UTC,arbitrum,hyperliquid,39.9942
2026-04-10 12:58:34.000 UTC,arbitrum,hyperliquid,39.9942
2026-04-10 12:58:34.000 UTC,arbitrum,hyperliquid,39.9942
2026-04-10 12:58:34.000 UTC,arbitrum,hyperliquid,39.9942
2026-04-10 12:58:34.000 UTC,arbitrum,hyperliquid,39.9942
2026-04-10 12:58:34.000 UTC,arbitrum,hyperliquid,39.9942
2026-04-10 12:58:34.000 UTC,arbitrum,hyperliquid,39.9942
2026-04-10 12:58:34.000 UTC,arbitrum,hyperliquid,39.9942
2026-04-10 12:58:34.000 UTC,arbitrum,hyperliquid,39.9942
2026-04-10 12:58:34.000 UTC,arbitrum,hyperliquid,39.9942
2026-04-10 12:58:34.000 UTC,arbitrum,hyperliquid,39.9942
2026-04-10 12:58:34.000 UTC,arbitrum,hyperliquid,39.9942
2026-04-10 12:58:34.000 UTC,arbitrum,hyperliquid,39.9942
2026-04-10 12:58:34.000 UTC,arbitrum,hyperliquid,39.9942
2026-04-10 12:58:34.000 UTC,arbitrum,hyperliquid,39.9942
2026-04-10 12:58:34.000 UTC,arbitrum,hyperliquid,39.9942
2026-04-10 12:58:34.000 UTC,arbitrum,hyperliquid,39.9942
2026-04-10 12:58:34.000 UTC,arbitrum,hyperliquid,39.9942
2026-04-10 12:58:34.000 UTC,arbitrum,hyperliquid,39.9942
2026-04-10 12:58:34.000 UTC,arbitrum,hyperliquid,39.9942
2026-04-10 12:58:34.000 UTC,arbitrum,hyperliquid,39.9942
2026-04-10 12:58:34.000 UTC,arbitrum,hyperliquid,39.9942
2026-04-10 12:58:34.000 UTC,arbitrum,hyperliquid,39.9942
2026-04-10 12:58:34.000 UTC,arbitrum,hyperliquid,39.9942
2026-04-10 12:58:34.000 UTC,arbitrum,hyperliquid,39.9942
2026-04-10 12:58:34.000 UTC,arbitrum,hyperliquid,39.9942
2026-04-10 12:58:34.000 UTC,arbitrum,hyperliquid,39.9942
2026-04-10 12:58:34.000 UTC,arbitrum,hyperliquid,39.9942
2026-04-10 12:58:34.000 UTC,arbitrum,hyperliquid,39.9942
2026-04-10 12:58:34.000 UTC,arbitrum,hyperliquid,39.9942
2026-04-10 12:58:34.000 UTC,arbitrum,hyperliquid,39.9942
2026-04-10 12:58:34.000 UTC,arbitrum,hyperliquid,39.9942
2026-04-10 12:58:34.000 UTC,arbitrum,hyperliquid,39.9942
2026-04-10 12:58:34.000 UTC,arbitrum,hyperliquid,39.9942
2026-04-10 12:58:34.000 UTC,arbitrum,hyperliquid,39.9942
2026-04-10 12:58:34.000 UTC,arbitrum,hyperliquid,39.9942
2026-04-10 12:58:34.000 UTC,arbitrum,hyperliquid,39.9942
2026-04-10 12:58:34.000 UTC,arbitrum,hyperliquid,39.9942
2026-04-10 12:58:34.000 UTC,arbitrum,hyperliquid,39.9942
2026-04-10 12:58:34.000 UTC,arbitrum,hyperliquid,39.9942
2026-04-10 12:58:34.000 UTC,arbitrum,hyperliquid,39.9942
2026-04-10 12:58:34.000 UTC,arbitrum,hyperliquid,39.9942
2026-04-10 12:58:34.000 UTC,arbitrum,hyperliquid,39.9942
2026-04-10 12:58:34.000 UTC,arbitrum,hyperliquid,39.9942
2026-04-10 12:58:34.000 UTC,arbitrum,hyperliquid,39.9942
2026-04-10 12:58:34.000 UTC,arbitrum,hyperliquid,39.9942
2026-04-10 12:58:34.000 UTC,arbitrum,hyperliquid,39.9942
2026-04-10 12:58:34.000 UTC,arbitrum,hyperliquid,39.9942
2026-04-10 12:58:34.000 UTC,arbitrum,hyperliquid,39.9942
2026-04-10 12:58:34.000 UTC,arbitrum,hyperliquid,39.9942
2026-04-10 12:58:34.000 UTC,arbitrum,hyperliquid,39.9942
2026-04-10 12:58:34.000 UTC,arbitrum,hyperliquid,39.9942
2026-04-10 12:58:34.000 UTC,arbitrum,hyperliquid,39.9942
2026-04-10 12:58:34.000 UTC,arbitrum,hyperliquid,39.9942
2026-04-10 12:58:34.000 UTC,arbitrum,hyperliquid,39.9942
2026-04-10 12:58:34.000 UTC,arbitrum,hyperliquid,39.9942
2026-04-10 12:58:34.000 UTC,arbitrum,hyperliquid,39.9942
2026-04-10 12:58:34.000 UTC,arbitrum,hyperliquid,39.9942
2026-04-10 12:58:34.000 UTC,arbitrum,hyperliquid,39.9942
2026-04-10 12:58:34.000 UTC,arbitrum,hyperliquid,39.9942
2026-04-10 12:58:34.000 UTC,arbitrum,hyperliquid,39.9942
2026-04-10 12:58:34.000 UTC,arbitrum,hyperliquid,39.9942
2026-04-10 12:58:34.000 UTC,arbitrum,hyperliquid,39.9942
2026-04-10 12:58:34.000 UTC,arbitrum,hyperliquid,39.9942
2026-04-10 12:58:34.000 UTC,arbitrum,hyperliquid,39.9942
2026-04-10 12:58:34.000 UTC,arbitrum,hyperliquid,39.9942
2026-04-10 12:58:34.000 UTC,arbitrum,hyperliquid,39.9942
2026-04-10 12:58:34.000 UTC,arbitrum,hyperliquid,39.9942
2026-04-10 12:58:34.000 UTC,arbitrum,hyperliquid,39.9942
2026-04-10 12:58:34.000 UTC,arbitrum,hyperliquid,39.9942
2026-04-10 12:58:34.000 UTC,arbitrum,hyperliquid,39.9942
2026-04-10 12:58:34.000 UTC,arbitrum,hyperliquid,39.9942
2026-04-10 12:58:34.000 UTC,arbitrum,hyperliquid,39.9942
2026-04-10 12:58:34.000 UTC,arbitrum,hyperliquid,39.9942
2026-04-10 12:58:34.000 UTC,arbitrum,hyperliquid,39.9942
2026-04-10 12:58:34.000 UTC,arbitrum,hyperliquid,39.9942
2026-04-10 12:58:34.000 UTC,arbitrum,hyperliquid,39.9942
2026-04-10 12:58:34.000 UTC,arbitrum,hyperliquid,39.9942
2026-04-10 12:58:34.000 UTC,arbitrum,hyperliquid,39.9942
2026-04-10 12:58:34.000 UTC,arbitrum,hyperliquid,39.9942
2026-04-10 12:58:34.000 UTC,arbitrum,hyperliquid,39.9942
2026-04-10 12:58:34.000 UTC,arbitrum,hyperliquid,39.9942
2026-04-10 12:58:34.000 UTC,arbitrum,hyperliquid,39.9942
2026-04-10 12:58:34.000 UTC,arbitrum,hyperliquid,39.9942
2026-04-10 12:58:34.000 UTC,arbitrum,hyperliquid,39.9942
2026-04-10 12:58:34.000 UTC,arbitrum,hyperliquid,39.9942
2026-04-10 12:58:34.000 UTC,arbitrum,hyperliquid,39.9942
2026-04-10 12:58:34.000 UTC,arbitrum,hyperliquid,39.9942
2026-04-10 12:58:34.000 UTC,arbitrum,hyperliquid,39.9942
2026-04-10 12:58:34.000 UTC,arbitrum,hyperliquid,39.9942
2026-04-10 12:58:34.000 UTC,arbitrum,hyperliquid,39.9942
2026-04-10 12:58:34.000 UTC,arbitrum,hyperliquid,39.9942
2026-04-10 12:58:34.000 UTC,arbitrum,hyperliquid,39.9942
2026-04-10 12:58:34.000 UTC,arbitrum,hyperliquid,39.9942
2026-04-10 12:58:34.000 UTC,arbitrum,hyperliquid,39.9942
2026-04-10 12:58:34.000 UTC,arbitrum,hyperliquid,39.9942
2026-04-10 12:58:34.000 UTC,arbitrum,hyperliquid,39.9942
2026-04-10 12:58:34.000 UTC,arbitrum,hyperliquid,39.9942
2026-04-10 12:58:34.000 UTC,arbitrum,hyperliquid,39.9942
2026-04-10 12:58:34.000 UTC,arbitrum,hyperliquid,39.9942
2026-04-10 12:58:34.000 UTC,arbitrum,hyperliquid,39.9942
2026-04-10 12:58:34.000 UTC,arbitrum,hyperliquid,39.9942
2026-04-10 12:58:34.000 UTC,arbitrum,hyperliquid,39.9942
2026-04-10 12:58:34.000 UTC,arbitrum,hyperliquid,39.9942
2026-04-10 12:58:34.000 UTC,arbitrum,hyperliquid,39.9942
2026-04-10 12:58:34.000 UTC,arbitrum,hyperliquid,39.9942
2026-04-10 12:58:34.000 UTC,arbitrum,hyperliquid,39.9942
2026-04-10 12:58:34.000 UTC,arbitrum,hyperliquid,39.9942
2026-04-10 12:58:34.000 UTC,arbitrum,hyperliquid,39.9942
2026-04-10 12:58:34.000 UTC,arbitrum,hyperliquid,39.9942
2026-04-10 12:58:34.000 UTC,arbitrum,hyperliquid,39.9942
2026-04-10 12:58:34.000 UTC,arbitrum,hyperliquid,39.9942
2026-04-10 12:58:34.000 UTC,arbitrum,hyperliquid,39.9942
2026-04-10 12:58:34.000 UTC,arbitrum,hyperliquid,39.9942
2026-04-10 12:58:34.000 UTC,arbitrum,hyperliquid,39.9942
2026-04-10 12:58:34.000 UTC,arbitrum,hyperliquid,39.9942
2026-04-10 12:58:34.000 UTC,arbitrum,hyperliquid,39.9942
2026-04-10 12:58:34.000 UTC,arbitrum,hyperliquid,39.9942
2026-04-10 12:58:34.000 UTC,arbitrum,hyperliquid,39.9942
2026-04-10 12:58:34.000 UTC,arbitrum,hyperliquid,39.9942
2026-04-10 12:58:34.000 UTC,arbitrum,hyperliquid,39.9942
2026-04-10 12:58:34.000 UTC,arbitrum,hyperliquid,39.9942
2026-04-10 12:58:34.000 UTC,arbitrum,hyperliquid,39.9942
2026-04-10 12:58:34.000 UTC,arbitrum,hyperliquid,39.9942
2026-04-10 12:58:34.000 UTC,arbitrum,hyperliquid,39.9942
2026-04-10 12:58:34.000 UTC,arbitrum,hyperliquid,39.9942
2026-04-10 12:58:34.000 UTC,arbitrum,hyperliquid,39.9942
2026-04-10 12:58:34.000 UTC,arbitrum,hyperliquid,39.9942
2026-04-10 12:58:34.000 UTC,arbitrum,hyperliquid,39.9942
2026-04-10 12:58:34.000 UTC,arbitrum,hyperliquid,39.9942
2026-04-10 12:58:34.000 UTC,arbitrum,hyperliquid,39.9942
2026-04-10 12:58:34.000 UTC,arbitrum,hyperliquid,39.9942
2026-04-10 12:58:34.000 UTC,arbitrum,hyperliquid,39.9942
2026-04-10 12:58:34.000 UTC,arbitrum,hyperliquid,39.9942
2026-04-10 12:58:34.000 UTC,arbitrum,hyperliquid,39.9942
2026-04-10 12:58:34.000 UTC,arbitrum,hyperliquid,39.9942
2026-04-10 12:58:34.000 UTC,arbitrum,hyperliquid,39.9942
2026-04-10 12:58:34.000 UTC,arbitrum,hyperliquid,39.9942
2026-04-10 12:58:34.000 UTC,arbitrum,hyperliquid,39.9942
2026-04-10 12:58:34.000 UTC,arbitrum,hyperliquid,39.9942
2026-04-10 12:58:34.000 UTC,arbitrum,hyperliquid,39.9942
2026-04-10 12:58:34.000 UTC,arbitrum,hyperliquid,39.9942
2026-04-10 12:58:34.000 UTC,arbitrum,hyperliquid,39.9942
2026-04-10 12:58:34.000 UTC,arbitrum,hyperliquid,39.9942
2026-04-10 12:58:34.000 UTC,arbitrum,hyperliquid,39.9942
2026-04-10 12:58:34.000 UTC,arbitrum,hyperliquid,39.9942
2026-04-10 12:58:34.000 UTC,arbitrum,hyperliquid,39.9942
2026-04-10 12:58:34.000 UTC,arbitrum,hyperliquid,39.9942
2026-04-10 12:58:34.000 UTC,arbitrum,hyperliquid,39.9942
2026-04-10 12:58:34.000 UTC,arbitrum,hyperliquid,39.9942
2026-04-10 12:58:34.000 UTC,arbitrum,hyperliquid,39.9942
2026-04-10 12:58:34.000 UTC,arbitrum,hyperliquid,39.9942
2026-04-10 12:58:34.000 UTC,arbitrum,hyperliquid,39.9942
2026-04-10 12:58:34.000 UTC,arbitrum,hyperliquid,39.9942
2026-04-10 12:58:34.000 UTC,arbitrum,hyperliquid,39.9942
2026-04-10 12:58:34.000 UTC,arbitrum,hyperliquid,39.9942
2026-04-10 12:58:34.000 UTC,arbitrum,hyperliquid,39.9942
2026-04-10 12:58:34.000 UTC,arbitrum,hyperliquid,39.9942
2026-04-10 12:58:34.000 UTC,arbitrum,hyperliquid,39.9942
2026-04-10 12:58:34.000 UTC,arbitrum,hyperliquid,39.9942
2026-04-10 12:58:34.000 UTC,arbitrum,hyperliquid,39.9942
2026-04-10 12:58:34.000 UTC,arbitrum,hyperliquid,39.9942
2026-04-10 12:58:34.000 UTC,arbitrum,hyperliquid,39.9942
2026-04-10 12:58:34.000 UTC,arbitrum,hyperliquid,39.9942
2026-04-10 12:58:34.000 UTC,arbitrum,hyperliquid,39.9942
2026-04-10 12:58:34.000 UTC,arbitrum,hyperliquid,39.9942
2026-04-10 12:58:34.000 UTC,arbitrum,hyperliquid,39.9942
2026-04-10 12:58:34.000 UTC,arbitrum,hyperliquid,39.9942
2026-04-10 12:58:34.000 UTC,arbitrum,hyperliquid,39.9942
2026-04-10 12:58:34.000 UTC,arbitrum,hyperliquid,39.9942
2026-04-10 12:58:34.000 UTC,arbitrum,hyperliquid,39.9942
2026-04-10 12:58:34.000 UTC,arbitrum,hyperliquid,39.9942
2026-04-10 12:58:34.000 UTC,arbitrum,hyperliquid,39.9942
2026-04-10 12:58:34.000 UTC,arbitrum,hyperliquid,39.9942
2026-04-10 12:58:34.000 UTC,arbitrum,hyperliquid,39.9942
2026-04-10 12:58:34.000 UTC,arbitrum,hyperliquid,39.9942
2026-04-10 12:58:34.000 UTC,arbitrum,hyperliquid,39.9942
2026-04-10 12:58:34.000 UTC,arbitrum,hyperliquid,39.9942
2026-04-10 12:58:34.000 UTC,arbitrum,hyperliquid,39.9942
2026-04-10 12:58:34.000 UTC,arbitrum,hyperliquid,39.9942
2026-04-10 12:58:34.000 UTC,arbitrum,hyperliquid,39.9942
2026-04-10 12:58:34.000 UTC,arbitrum,hyperliquid,39.9942
2026-04-10 12:58:34.000 UTC,arbitrum,hyperliquid,39.9942
2026-04-10 12:58:34.000 UTC,arbitrum,hyperliquid,39.9942
2026-04-10 12:58:34.000 UTC,arbitrum,hyperliquid,39.9942
2026-04-10 12:58:34.000 UTC,arbitrum,hyperliquid,39.9942
2026-04-10 12:58:34.000 UTC,arbitrum,hyperliquid,39.9942
2026-04-10 12:58:34.000 UTC,arbitrum,hyperliquid,39.9942
2026-04-10 12:58:34.000 UTC,arbitrum,hyperliquid,39.9942
2026-04-10 12:58:34.000 UTC,arbitrum,hyperliquid,39.9942
2026-04-10 12:58:34.000 UTC,arbitrum,hyperliquid,39.9942
2026-04-10 12:58:34.000 UTC,arbitrum,hyperliquid,39.9942
2026-04-10 12:58:34.000 UTC,arbitrum,hyperliquid,39.9942
2026-04-10 12:58:34.000 UTC,arbitrum,hyperliquid,39.9942
2026-04-10 12:58:34.000 UTC,arbitrum,hyperliquid,39.9942
2026-04-10 12:58:34.000 UTC,arbitrum,hyperliquid,39.9942
2026-04-10 12:58:34.000 UTC,arbitrum,hyperliquid,39.9942
2026-04-10 12:58:34.000 UTC,arbitrum,hyperliquid,39.9942
2026-04-10 12:58:34.000 UTC,arbitrum,hyperliquid,39.9942
2026-04-10 12:58:34.000 UTC,arbitrum,hyperliquid,39.9942
2026-04-10 12:58:34.000 UTC,arbitrum,hyperliquid,39.9942
2026-04-10 12:58:34.000 UTC,arbitrum,hyperliquid,39.9942
2026-04-10 12:58:34.000 UTC,arbitrum,hyperliquid,39.9942
2026-04-10 12:58:34.000 UTC,arbitrum,hyperliquid,39.9942
2026-04-10 12:58:34.000 UTC,arbitrum,hyperliquid,39.9942
2026-04-10 12:58:34.000 UTC,arbitrum,hyperliquid,39.9942
2026-04-10 12:58:34.000 UTC,arbitrum,hyperliquid,39.9942
2026-04-10 12:58:34.000 UTC,arbitrum,hyperliquid,39.9942
2026-04-10 12:58:34.000 UTC,arbitrum,hyperliquid,39.9942
2026-04-10 12:58:34.000 UTC,arbitrum,hyperliquid,39.9942
2026-04-10 12:58:34.000 UTC,arbitrum,hyperliquid,39.9942
2026-04-10 12:58:34.000 UTC,arbitrum,hyperliquid,39.9942
2026-04-10 12:58:34.000 UTC,arbitrum,hyperliquid,39.9942
2026-04-10 12:58:34.000 UTC,arbitrum,hyperliquid,39.9942
2026-04-10 12:58:34.000 UTC,arbitrum,hyperliquid,39.9942
2026-04-10 12:58:34.000 UTC,arbitrum,hyperliquid,39.9942
2026-04-10 12:58:34.000 UTC,arbitrum,hyperliquid,39.9942
2026-04-10 12:58:34.000 UTC,arbitrum,hyperliquid,39.9942
2026-04-10 12:58:34.000 UTC,arbitrum,hyperliquid,39.9942
2026-04-10 12:58:34.000 UTC,arbitrum,hyperliquid,39.9942
2026-04-10 12:58:34.000 UTC,arbitrum,hyperliquid,39.9942
2026-04-10 12:58:34.000 UTC,arbitrum,hyperliquid,39.9942
2026-04-10 12:58:34.000 UTC,arbitrum,hyperliquid,39.9942
2026-04-10 12:58:34.000 UTC,arbitrum,hyperliquid,39.9942
2026-04-10 12:58:34.000 UTC,arbitrum,hyperliquid,39.9942
2026-04-10 12:58:34.000 UTC,arbitrum,hyperliquid,39.9942
2026-04-10 12:58:35.000 UTC,ethereum,arbitrum,110.12400697205062
2026-04-10 12:58:35.000 UTC,arbitrum,hyperliquid,9.99855
2026-04-10 12:58:39.000 UTC,base,ethereum,1016.3844828774
2026-04-10 12:58:44.000 UTC,arbitrum,hyperliquid,3086.684838791415
2026-04-10 12:58:53.000 UTC,base,zksync,199.473477151275
2026-04-10 12:58:56.000 UTC,arbitrum,hyperliquid,61.44108975
2026-04-10 12:59:03.000 UTC,zksync,arbitrum,2.8229039218620224
2026-04-10 12:59:05.000 UTC,optimism,base,178.038982
2026-04-10 12:59:11.000 UTC,ethereum,arbitrum,121.6474344284742
2026-04-10 12:59:13.000 UTC,base,zksync,511.48236148339146
2026-04-10 12:59:14.000 UTC,arbitrum,hyperliquid,639.90739797129
2026-04-10 12:59:17.000 UTC,base,optimism,14.741547152346817
2026-04-10 12:59:17.000 UTC,base,arbitrum,20.372918498415
2026-04-10 12:59:23.000 UTC,base,ethereum,302.47921604777326
2026-04-10 12:59:23.000 UTC,arbitrum,base,0.20913270918956653
2026-04-10 12:59:27.000 UTC,optimism,zksync,4800.260120342446
2026-04-10 12:59:33.000 UTC,base,ethereum,180.6725971909446
2026-04-10 12:59:33.000 UTC,arbitrum,ethereum,2.4342562155940275
2026-04-10 12:59:35.000 UTC,base,arbitrum,61.69831844643001
2026-04-10 12:59:35.000 UTC,base,arbitrum,514.8415922215377
2026-04-10 12:59:38.000 UTC,arbitrum,optimism,5.42074254
2026-04-10 12:59:43.000 UTC,polygon,ethereum,12.315761668847749
2026-04-10 12:59:45.000 UTC,polygon,optimism,299.912525377245
2026-04-10 12:59:47.000 UTC,ethereum,base,37.89699225495457
2026-04-10 12:59:50.000 UTC,arbitrum,base,55192.74589125
2026-04-10 12:59:52.000 UTC,arbitrum,hyperliquid,21.07931505606
2026-04-10 12:59:53.000 UTC,arbitrum,polygon,525.4719798
2026-04-10 12:59:57.000 UTC,polygon,base,5.805513456997553
2026-04-10 13:00:05.000 UTC,base,optimism,126.7244378812112
2026-04-10 13:00:11.000 UTC,ethereum,arbitrum,1043.3012999999999
2026-04-10 13:00:13.000 UTC,base,ethereum,282.1272049344
2026-04-10 13:00:13.000 UTC,hyperliquid,base,17.10529969225
2026-04-10 13:00:13.000 UTC,zksync,arbitrum,508.9998468308578
2026-04-10 13:00:19.000 UTC,hyperliquid,ethereum,2.2567659052145235
2026-04-10 13:00:22.000 UTC,arbitrum,hyperliquid,6.9829988326
2026-04-10 13:00:23.000 UTC,ethereum,arbitrum,207.62642915945
2026-04-10 13:00:26.000 UTC,arbitrum,polygon,2.04044676
2026-04-10 13:00:29.000 UTC,polygon,arbitrum,2.20080187008
2026-04-10 13:00:33.000 UTC,arbitrum,base,16.079752694808
2026-04-10 13:00:34.000 UTC,arbitrum,hyperliquid,207.59927951699999
2026-04-10 13:00:36.000 UTC,arbitrum,zksync,513.8961998828192
2026-04-10 13:00:39.000 UTC,zksync,ethereum,628.3639591382846
2026-04-10 13:00:45.000 UTC,arbitrum,hyperliquid,107980.5566282037
2026-04-10 13:00:49.000 UTC,optimism,base,0.99995
2026-04-10 13:00:51.000 UTC,base,optimism,52.94483649203766
2026-04-10 13:00:55.000 UTC,arbitrum,ethereum,50899.397547411376
2026-04-10 13:00:56.000 UTC,arbitrum,hyperliquid,48.3875805
2026-04-10 13:00:59.000 UTC,ethereum,optimism,5099.437022399649
2026-04-10 13:01:03.000 UTC,base,arbitrum,6.13841006415
2026-04-10 13:01:05.000 UTC,base,optimism,1093.5677538782502
2026-04-10 13:01:08.000 UTC,zksync,polygon,512.631476682833
2026-04-10 13:01:12.000 UTC,optimism,base,178.038982
2026-04-10 13:01:15.000 UTC,arbitrum,zksync,507.7449395217516
2026-04-10 13:01:20.000 UTC,arbitrum,polygon,29.7440125125
2026-04-10 13:01:21.000 UTC,polygon,base,9.03532721105
2026-04-10 13:01:21.000 UTC,optimism,base,232.3482831933457
2026-04-10 13:01:23.000 UTC,base,polygon,16.00656599604491
2026-04-10 13:01:27.000 UTC,arbitrum,ethereum,130.02847
2026-04-10 13:01:31.000 UTC,base,optimism,57.64101065778668
2026-04-10 13:01:32.000 UTC,polygon,arbitrum,0.5508522320622284
2026-04-10 13:01:41.000 UTC,arbitrum,base,62.053960146849995
2026-04-10 13:01:46.000 UTC,zksync,arbitrum,506.4832152965115
2026-04-10 13:01:47.000 UTC,ethereum,arbitrum,353.69965313305005
2026-04-10 13:01:47.000 UTC,ethereum,base,1086.1757334977501
2026-04-10 13:01:47.000 UTC,ethereum,optimism,23.9988
2026-04-10 13:01:53.000 UTC,arbitrum,hyperliquid,2450.097489
2026-04-10 13:01:58.000 UTC,arbitrum,hyperliquid,79.996
2026-04-10 13:01:58.000 UTC,arbitrum,hyperliquid,353.65791022030004
2026-04-10 13:02:01.000 UTC,arbitrum,zksync,511.52052892986757
2026-04-10 13:02:05.000 UTC,polygon,hyperliquid,142.886684332381
2026-04-10 13:02:09.000 UTC,ethereum,arbitrum,0.919519330642
2026-04-10 13:02:09.000 UTC,hyperliquid,arbitrum,2000.438
2026-04-10 13:02:20.000 UTC,arbitrum,hyperliquid,999.95
2026-04-10 13:02:21.000 UTC,base,optimism,45.45313056685271
2026-04-10 13:02:21.000 UTC,base,ethereum,1.98230387985
2026-04-10 13:02:23.000 UTC,base,hyperliquid,63.9968
2026-04-10 13:02:25.000 UTC,arbitrum,hyperliquid,24734.7632
2026-04-10 13:02:27.000 UTC,optimism,zksync,178.038982
2026-04-10 13:02:28.000 UTC,arbitrum,ethereum,0.911003466076
2026-04-10 13:02:31.000 UTC,base,zksync,0.5549475
2026-04-10 13:02:34.000 UTC,arbitrum,hyperliquid,81.4135631183
2026-04-10 13:02:35.000 UTC,ethereum,arbitrum,293.76236914710006
2026-04-10 13:02:39.000 UTC,base,hyperliquid,145.79271
2026-04-10 13:02:44.000 UTC,arbitrum,base,0.42009198
2026-04-10 13:02:44.000 UTC,base,polygon,46.849013821536815
2026-04-10 13:02:47.000 UTC,ethereum,arbitrum,71582.93016552545
2026-04-10 13:02:49.000 UTC,arbitrum,optimism,505.230655584457
2026-04-10 13:02:49.000 UTC,arbitrum,hyperliquid,38.1280935
2026-04-10 13:02:59.000 UTC,ethereum,zksync,983.0438375515384
2026-04-10 13:03:03.000 UTC,base,optimism,6.040711620661189
2026-04-10 13:03:03.000 UTC,polygon,arbitrum,7841.339068259828
2026-04-10 13:03:13.000 UTC,zksync,optimism,510.4003412050211
2026-04-10 13:03:15.000 UTC,arbitrum,base,102.04756536660001
2026-04-10 13:03:15.000 UTC,base,arbitrum,200.03396980140002
2026-04-10 13:03:18.000 UTC,zksync,ethereum,1.1805938403135177
2026-04-10 13:03:25.000 UTC,arbitrum,optimism,6.65937
2026-04-10 13:03:26.000 UTC,arbitrum,ethereum,7.833716521608737
2026-04-10 13:03:39.000 UTC,arbitrum,polygon,4.99975
2026-04-10 13:03:43.000 UTC,polygon,ethereum,726.4137607604999
2026-04-10 13:03:45.000 UTC,base,polygon,0.5549475
2026-04-10 13:03:47.000 UTC,polygon,base,33.178326000750005
2026-04-10 13:03:47.000 UTC,ethereum,base,509.5001628326155
2026-04-10 13:03:49.000 UTC,optimism,ethereum,36.4711497
2026-04-10 13:03:49.000 UTC,base,optimism,26.564318288874997
2026-04-10 13:03:53.000 UTC,base,arbitrum,504.3297068596263
2026-04-10 13:03:55.000 UTC,arbitrum,hyperliquid,5999.7
2026-04-10 13:03:57.000 UTC,arbitrum,hyperliquid,25474.7262
2026-04-10 13:03:59.000 UTC,arbitrum,hyperliquid,49.59752
2026-04-10 13:04:02.000 UTC,base,ethereum,88.19704562023338
2026-04-10 13:04:13.000 UTC,base,optimism,0.99995
2026-04-10 13:04:18.000 UTC,arbitrum,hyperliquid,99.995
2026-04-10 13:04:23.000 UTC,polygon,ethereum,2.715491562443
2026-04-10 13:04:23.000 UTC,ethereum,arbitrum,100.01678391075001
2026-04-10 13:04:25.000 UTC,base,optimism,15.33058591383366
2026-04-10 13:04:26.000 UTC,arbitrum,zksync,502.78842121256383
2026-04-10 13:04:33.000 UTC,base,ethereum,1.5011394861830267
2026-04-10 13:04:35.000 UTC,ethereum,hyperliquid,32.1482745059
2026-04-10 13:04:35.000 UTC,ethereum,zksync,28.9885505
2026-04-10 13:04:41.000 UTC,polygon,ethereum,105602.2742763848
2026-04-10 13:04:43.000 UTC,base,hyperliquid,14.033656282099999
2026-04-10 13:04:44.000 UTC,arbitrum,base,17.75832
2026-04-10 13:04:46.000 UTC,optimism,zksync,3.2017561353595814
2026-04-10 13:04:49.000 UTC,base,zksync,507.94921787241924
2026-04-10 13:04:50.000 UTC,arbitrum,hyperliquid,64.9243316211
2026-04-10 13:04:52.000 UTC,arbitrum,polygon,53.42169679
2026-04-10 13:04:53.000 UTC,polygon,optimism,34.267220878242
2026-04-10 13:04:59.000 UTC,ethereum,base,1021.1034
2026-04-10 13:04:59.000 UTC,ethereum,zksync,21088.004999999997
2026-04-10 13:04:59.000 UTC,ethereum,polygon,49.82946012281705
2026-04-10 13:05:04.000 UTC,arbitrum,hyperliquid,317.44841204
2026-04-10 13:05:14.000 UTC,optimism,polygon,16.709689444428037
2026-04-10 13:05:17.000 UTC,hyperliquid,ethereum,5097.3683205639
2026-04-10 13:05:23.000 UTC,base,zksync,82.41339550800001
2026-04-10 13:05:27.000 UTC,polygon,arbitrum,0.793009071716
2026-04-10 13:05:28.000 UTC,zksync,hyperliquid,501.14424399737703
2026-04-10 13:05:29.000 UTC,polygon,ethereum,939.93608
2026-04-10 13:05:29.000 UTC,arbitrum,hyperliquid,5.000219961920001
2026-04-10 13:05:42.000 UTC,ethereum,arbitrum,129.37975103017936
2026-04-10 13:05:50.000 UTC,zksync,hyperliquid,505.33176508794344
2026-04-10 13:05:51.000 UTC,optimism,arbitrum,20.142521508133644
2026-04-10 13:05:53.000 UTC,polygon,ethereum,4.996519888944603
2026-04-10 13:06:11.000 UTC,arbitrum,base,0.5663034233311093
2026-04-10 13:06:12.000 UTC,arbitrum,hyperliquid,24.9983
2026-04-10 13:06:13.000 UTC,arbitrum,ethereum,116.31787359479999
2026-04-10 13:06:13.000 UTC,base,arbitrum,5.999592
2026-04-10 13:06:14.000 UTC,arbitrum,polygon,0.9974321700000001
2026-04-10 13:06:15.000 UTC,polygon,optimism,66.60853031192
2026-04-10 13:06:21.000 UTC,base,arbitrum,500.0308298304304
2026-04-10 13:06:21.000 UTC,zksync,arbitrum,3000.3514212211207
2026-04-10 13:06:23.000 UTC,ethereum,polygon,5959.126062
2026-04-10 13:06:23.000 UTC,ethereum,arbitrum,9999.942364676324
2026-04-10 13:06:23.000 UTC,ethereum,base,3.5194415178120684
2026-04-10 13:06:35.000 UTC,ethereum,arbitrum,208.1641688739
2026-04-10 13:06:37.000 UTC,base,optimism,3.77440832278
2026-04-10 13:06:37.000 UTC,arbitrum,zksync,203.32527414052
2026-04-10 13:06:37.000 UTC,polygon,ethereum,100.029534529084
2026-04-10 13:06:39.000 UTC,optimism,hyperliquid,233.06146366118278
2026-04-10 13:06:39.000 UTC,arbitrum,hyperliquid,49.9966
2026-04-10 13:06:41.000 UTC,base,ethereum,0.5545825
2026-04-10 13:06:47.000 UTC,ethereum,base,390.39994884251917
2026-04-10 13:06:47.000 UTC,ethereum,arbitrum,2.038318384924
2026-04-10 13:06:48.000 UTC,arbitrum,hyperliquid,208.136923726696
2026-04-10 13:06:50.000 UTC,arbitrum,polygon,200.03710986958998
2026-04-10 13:06:55.000 UTC,base,ethereum,206.079624689087
2026-04-10 13:06:57.000 UTC,base,zksync,8.995152288048
2026-04-10 13:06:59.000 UTC,base,ethereum,49.996281262747935
2026-04-10 13:07:03.000 UTC,base,ethereum,0.877917297564
2026-04-10 13:07:03.000 UTC,hyperliquid,arbitrum,504.22110091559347
2026-04-10 13:07:14.000 UTC,arbitrum,ethereum,499.2535988823016
2026-04-10 13:07:21.000 UTC,base,arbitrum,23.2808187675
2026-04-10 13:07:23.000 UTC,ethereum,base,5738.558770466708
2026-04-10 13:07:23.000 UTC,base,optimism,20.923069134544
2026-04-10 13:07:23.000 UTC,ethereum,polygon,105604.38402632605
2026-04-10 13:07:23.000 UTC,ethereum,base,10.499286
2026-04-10 13:07:29.000 UTC,optimism,base,6.255293611108001
2026-04-10 13:07:32.000 UTC,arbitrum,base,28.286414122041
2026-04-10 13:07:33.000 UTC,polygon,arbitrum,7841.38016980308
2026-04-10 13:07:37.000 UTC,base,ethereum,23.47536817755026
2026-04-10 13:07:39.000 UTC,zksync,base,13.808892931424001
2026-04-10 13:07:47.000 UTC,arbitrum,hyperliquid,10.227344602868
2026-04-10 13:07:47.000 UTC,ethereum,arbitrum,599.672327508656
2026-04-10 13:07:48.000 UTC,arbitrum,polygon,10.20303800979
2026-04-10 13:07:52.000 UTC,zksync,ethereum,498.47562491417926
2026-04-10 13:07:59.000 UTC,polygon,zksync,1000.189
2026-04-10 13:08:06.000 UTC,zksync,ethereum,0.9646546929692654
2026-04-10 13:08:12.000 UTC,arbitrum,hyperliquid,970.9159732240001
2026-04-10 13:08:16.000 UTC,arbitrum,zksync,503.44384795742786
2026-04-10 13:08:21.000 UTC,base,arbitrum,1525.896232
2026-04-10 13:08:23.000 UTC,ethereum,polygon,4.31243352
2026-04-10 13:08:25.000 UTC,arbitrum,base,16.967398388855944
2026-04-10 13:08:30.000 UTC,arbitrum,base,41.005789416696004
2026-04-10 13:08:31.000 UTC,arbitrum,ethereum,33572.47783729538
2026-04-10 13:08:37.000 UTC,polygon,optimism,76.135974980132
2026-04-10 13:08:39.000 UTC,polygon,ethereum,292.399182503444
2026-04-10 13:08:41.000 UTC,base,ethereum,9.99932
2026-04-10 13:08:45.000 UTC,arbitrum,base,8.769702960015726
2026-04-10 13:08:47.000 UTC,hyperliquid,optimism,9.257045870430677
2026-04-10 13:08:55.000 UTC,base,ethereum,31.04109169
2026-04-10 13:09:05.000 UTC,arbitrum,ethereum,37.006993
2026-04-10 13:09:05.000 UTC,base,arbitrum,1.251241728295151
2026-04-10 13:09:18.000 UTC,zksync,polygon,497.3561973086611
2026-04-10 13:09:21.000 UTC,zksync,arbitrum,502.5432506885604
2026-04-10 13:09:23.000 UTC,ethereum,arbitrum,825.155925
2026-04-10 13:09:23.000 UTC,ethereum,polygon,67.42515078602786
2026-04-10 13:09:27.000 UTC,optimism,arbitrum,499.966
2026-04-10 13:09:27.000 UTC,base,polygon,99.9932
2026-04-10 13:09:33.000 UTC,polygon,base,3.703382877951073
2026-04-10 13:09:41.000 UTC,polygon,zksync,3.11987975257461
2026-04-10 13:09:43.000 UTC,arbitrum,hyperliquid,55.010395
2026-04-10 13:09:48.000 UTC,zksync,base,100.405055991888
2026-04-10 13:09:50.000 UTC,arbitrum,ethereum,2060.238651119703
2026-04-10 13:09:51.000 UTC,base,ethereum,38990.58315104101
2026-04-10 13:09:51.000 UTC,zksync,arbitrum,501.43269049211256
2026-04-10 13:09:55.000 UTC,polygon,hyperliquid,1.000189e+06
2026-04-10 13:09:59.000 UTC,ethereum,polygon,197.5284689355116
2026-04-10 13:10:00.000 UTC,arbitrum,hyperliquid,5739.767428933552
2026-04-10 13:10:03.000 UTC,hyperliquid,arbitrum,496.8932741854445
2026-04-10 13:10:05.000 UTC,base,arbitrum,59.993604152496
2026-04-10 13:10:07.000 UTC,arbitrum,ethereum,10.203744695848
2026-04-10 13:10:11.000 UTC,ethereum,polygon,0.8250961488
2026-04-10 13:10:11.000 UTC,ethereum,optimism,10.204273310999998
2026-04-10 13:10:11.000 UTC,ethereum,base,7.9897123599999995
2026-04-10 13:10:17.000 UTC,arbitrum,hyperliquid,999.73400828
2026-04-10 13:10:23.000 UTC,ethereum,arbitrum,9.99964
2026-04-10 13:10:23.000 UTC,base,ethereum,0.980335706644
2026-04-10 13:10:23.000 UTC,ethereum,base,10002.52
2026-04-10 13:10:23.000 UTC,ethereum,base,19.381225250772
2026-04-10 13:10:29.000 UTC,polygon,ethereum,706.177912
2026-04-10 13:10:33.000 UTC,base,arbitrum,5.069817479999999
2026-04-10 13:10:33.000 UTC,base,arbitrum,113.370434517424
2026-04-10 13:10:35.000 UTC,ethereum,base,4.853521819027216
2026-04-10 13:10:35.000 UTC,base,arbitrum,5.069817479999999
2026-04-10 13:10:47.000 UTC,ethereum,base,50.882168093155556
2026-04-10 13:10:47.000 UTC,ethereum,base,208.994472338388
2026-04-10 13:10:49.000 UTC,zksync,optimism,26.344634099999997
2026-04-10 13:10:51.000 UTC,polygon,ethereum,3.841233710608
2026-04-10 13:10:52.000 UTC,arbitrum,hyperliquid,49.9982
2026-04-10 13:10:54.000 UTC,arbitrum,hyperliquid,544.98038
2026-04-10 13:11:01.000 UTC,polygon,hyperliquid,39.719073684883995
2026-04-10 13:11:03.000 UTC,polygon,base,495.7814956757382
2026-04-10 13:11:05.000 UTC,polygon,arbitrum,5.03560371174
2026-04-10 13:11:10.000 UTC,ethereum,base,374.9865
2026-04-10 13:11:10.000 UTC,arbitrum,zksync,50.969960193987994
2026-04-10 13:11:13.000 UTC,arbitrum,base,3200.556967801088
2026-04-10 13:11:16.000 UTC,arbitrum,hyperliquid,501.0969484165776
2026-04-10 13:11:20.000 UTC,base,hyperliquid,2.997082275
2026-04-10 13:11:22.000 UTC,arbitrum,hyperliquid,25.8167705628
2026-04-10 13:11:22.000 UTC,hyperliquid,base,418.02313406520966
2026-04-10 13:11:23.000 UTC,ethereum,arbitrum,3.9768159996756878
2026-04-10 13:11:23.000 UTC,ethereum,base,6.299773200000001
2026-04-10 13:11:25.000 UTC,polygon,base,2.613850524384
2026-04-10 13:11:35.000 UTC,ethereum,optimism,9.912497319999998
2026-04-10 13:11:43.000 UTC,ethereum,arbitrum,9.991189214886615
2026-04-10 13:11:44.000 UTC,arbitrum,optimism,13.863146908744
2026-04-10 13:11:47.000 UTC,ethereum,optimism,128.89282780946
2026-04-10 13:11:48.000 UTC,zksync,base,60.127400386226576
2026-04-10 13:11:52.000 UTC,polygon,base,1.5736323471959999
2026-04-10 13:11:52.000 UTC,ethereum,arbitrum,8814.890922872759
2026-04-10 13:11:59.000 UTC,ethereum,base,6.458155116433799
2026-04-10 13:11:59.000 UTC,ethereum,polygon,269.17081395599996
2026-04-10 13:12:03.000 UTC,base,polygon,0.5548574999999999
2026-04-10 13:12:07.000 UTC,base,optimism,31.056483989999997
2026-04-10 13:12:08.000 UTC,hyperliquid,base,2.067448062648817
2026-04-10 13:12:09.000 UTC,polygon,base,9.977102832032779
2026-04-10 13:12:09.000 UTC,base,arbitrum,495.0036250009399
2026-04-10 13:12:15.000 UTC,hyperliquid,arbitrum,12.020761341904645
2026-04-10 13:12:18.000 UTC,zksync,arbitrum,500.31403290735267
2026-04-10 13:12:23.000 UTC,ethereum,optimism,5.004336871122477
2026-04-10 13:12:23.000 UTC,ethereum,hyperliquid,110.056958366212
2026-04-10 13:12:35.000 UTC,ethereum,polygon,100.02519999999998
2026-04-10 13:12:37.000 UTC,hyperliquid,base,1.410313226896
2026-04-10 13:12:37.000 UTC,optimism,base,9.904185352235878
2026-04-10 13:12:40.000 UTC,arbitrum,zksync,494.32162863244275
2026-04-10 13:12:43.000 UTC,polygon,arbitrum,54.508005641151996
2026-04-10 13:12:45.000 UTC,base,optimism,1.887103061844
2026-04-10 13:12:53.000 UTC,optimism,base,20.187153236319997
2026-04-10 13:12:53.000 UTC,arbitrum,hyperliquid,55.095039507172
2026-04-10 13:12:57.000 UTC,optimism,arbitrum,36.1989033
2026-04-10 13:12:59.000 UTC,ethereum,arbitrum,32388.384567637248
2026-04-10 13:12:59.000 UTC,ethereum,base,998.8066756412363
2026-04-10 13:12:59.000 UTC,ethereum,polygon,20008.040756
2026-04-10 13:13:02.000 UTC,arbitrum,optimism,223.60202392499997
2026-04-10 13:13:03.000 UTC,ethereum,base,31.056483989999997
2026-04-10 13:13:03.000 UTC,polygon,arbitrum,4.270583253468
2026-04-10 13:13:04.000 UTC,arbitrum,hyperliquid,24869.48466632
2026-04-10 13:13:05.000 UTC,polygon,ethereum,1.9856487514382057
2026-04-10 13:13:11.000 UTC,ethereum,polygon,653.004683404543
2026-04-10 13:13:11.000 UTC,ethereum,polygon,4.99982
2026-04-10 13:13:15.000 UTC,polygon,ethereum,29.99892
2026-04-10 13:13:21.000 UTC,base,optimism,47.39596989186184
2026-04-10 13:13:23.000 UTC,ethereum,base,8.3996976
2026-04-10 13:13:23.000 UTC,ethereum,polygon,7901.990799999999
2026-04-10 13:13:27.000 UTC,polygon,ethereum,65.840881642928
2026-04-10 13:13:32.000 UTC,arbitrum,hyperliquid,999.964
2026-04-10 13:13:35.000 UTC,polygon,arbitrum,499.1690446475828
2026-04-10 13:13:35.000 UTC,base,polygon,94.04440427956
2026-04-10 13:13:35.000 UTC,ethereum,polygon,13.262010083390416
2026-04-10 13:13:35.000 UTC,base,optimism,9.999238014472
2026-04-10 13:13:37.000 UTC,hyperliquid,arbitrum,493.54240616675895
2026-04-10 13:13:41.000 UTC,base,ethereum,11.28007172636014
2026-04-10 13:14:00.000 UTC,optimism,base,2315.17132343173
2026-04-10 13:14:01.000 UTC,arbitrum,hyperliquid,499.982
2026-04-10 13:14:03.000 UTC,base,ethereum,0.5548574999999999
2026-04-10 13:14:05.000 UTC,arbitrum,ethereum,3.5008819999999994
2026-04-10 13:14:11.000 UTC,base,optimism,51.05426090711099
2026-04-10 13:14:12.000 UTC,arbitrum,base,3.1036239161839996
2026-04-10 13:14:21.000 UTC,arbitrum,ethereum,554.8575
2026-04-10 13:14:22.000 UTC,base,ethereum,9470.975725423523
2026-04-10 13:14:23.000 UTC,ethereum,polygon,3000.891964
2026-04-10 13:14:23.000 UTC,ethereum,base,10.499622
2026-04-10 13:14:25.000 UTC,polygon,zksync,44.00019974999999
2026-04-10 13:14:31.000 UTC,optimism,polygon,696.389218870796
2026-04-10 13:14:34.000 UTC,arbitrum,zksync,497.6393823178582
2026-04-10 13:14:41.000 UTC,base,ethereum,100.09741819439999
2026-04-10 13:14:41.000 UTC,arbitrum,base,503.9175431975934
2026-04-10 13:14:44.000 UTC,arbitrum,polygon,492.76205719598033
2026-04-10 13:14:47.000 UTC,ethereum,polygon,1499.746626177716
2026-04-10 13:14:55.000 UTC,base,optimism,59.959872340280896
2026-04-10 13:15:02.000 UTC,arbitrum,hyperliquid,147.16323018
2026-04-10 13:15:11.000 UTC,ethereum,arbitrum,1.3762946
2026-04-10 13:15:13.000 UTC,base,zksync,503.2270356698278
2026-04-10 13:15:14.000 UTC,polygon,optimism,36.0056426
2026-04-10 13:15:17.000 UTC,zksync,base,2.1490471431335023
2026-04-10 13:15:17.000 UTC,ethereum,arbitrum,491.8548848518017
2026-04-10 13:15:23.000 UTC,ethereum,base,266.3796
2026-04-10 13:15:24.000 UTC,arbitrum,hyperliquid,1028.972866070754
2026-04-10 13:15:30.000 UTC,arbitrum,hyperliquid,58.90729014
2026-04-10 13:15:33.000 UTC,base,arbitrum,8.690201889321612
2026-04-10 13:15:35.000 UTC,ethereum,polygon,87.245118539928
2026-04-10 13:15:35.000 UTC,base,optimism,8.693308554915047
2026-04-10 13:15:35.000 UTC,ethereum,arbitrum,552.390544866024
2026-04-10 13:15:39.000 UTC,hyperliquid,arbitrum,496.7305422679687
2026-04-10 13:15:39.000 UTC,arbitrum,hyperliquid,299.9862
2026-04-10 13:15:39.000 UTC,ethereum,base,598.4724889490824
2026-04-10 13:15:39.000 UTC,arbitrum,hyperliquid,379.3325499
2026-04-10 13:15:40.000 UTC,zksync,ethereum,1200.1526194398662
2026-04-10 13:15:45.000 UTC,polygon,ethereum,3.0003639769080004
2026-04-10 13:15:49.000 UTC,hyperliquid,polygon,549.99602401905
2026-04-10 13:15:50.000 UTC,ethereum,zksync,8016.864667048969
2026-04-10 13:15:53.000 UTC,polygon,base,6.65964
2026-04-10 13:15:53.000 UTC,arbitrum,hyperliquid,1.37407477
2026-04-10 13:15:58.000 UTC,arbitrum,optimism,0.5549575
2026-04-10 13:16:03.000 UTC,arbitrum,hyperliquid,8143.25539302
2026-04-10 13:16:11.000 UTC,base,ethereum,105.91467510384797
2026-04-10 13:16:11.000 UTC,arbitrum,base,495.20442565660886
2026-04-10 13:16:15.000 UTC,arbitrum,polygon,502.261862752107
2026-04-10 13:16:17.000 UTC,base,optimism,40.74922931210906
2026-04-10 13:16:18.000 UTC,arbitrum,base,490.33986433204376
2026-04-10 13:16:22.000 UTC,arbitrum,ethereum,15.206523895772001
2026-04-10 13:16:22.000 UTC,arbitrum,zksync,10.116536380200001
2026-04-10 13:16:22.000 UTC,arbitrum,hyperliquid,50.887659060000004
2026-04-10 13:16:23.000 UTC,arbitrum,base,15.203910292169
2026-04-10 13:16:26.000 UTC,zksync,base,14114.673601146324
2026-04-10 13:16:35.000 UTC,ethereum,polygon,492.76505243875005
2026-04-10 13:16:39.000 UTC,arbitrum,base,1.5403557400000003
2026-04-10 13:16:41.000 UTC,polygon,optimism,54.277425189590005
2026-04-10 13:16:42.000 UTC,arbitrum,hyperliquid,95.721945587946
2026-04-10 13:16:43.000 UTC,arbitrum,base,12506.486311976028
2026-04-10 13:16:47.000 UTC,ethereum,polygon,205123.85386866
2026-04-10 13:17:03.000 UTC,zksync,base,11.708604934783752
2026-04-10 13:17:03.000 UTC,base,optimism,35.288363240668
2026-04-10 13:17:03.000 UTC,polygon,ethereum,0.9051022438342404
2026-04-10 13:17:05.000 UTC,arbitrum,ethereum,5149.896314308454
2026-04-10 13:17:11.000 UTC,zksync,base,499.89334184845205
2026-04-10 13:17:11.000 UTC,ethereum,polygon,100012.13490453728
2026-04-10 13:17:11.000 UTC,polygon,ethereum,179.99172
2026-04-10 13:17:11.000 UTC,ethereum,polygon,849.442437886522
2026-04-10 13:17:11.000 UTC,ethereum,polygon,985.7426967500221
2026-04-10 13:17:13.000 UTC,base,zksync,494.5229592647921
2026-04-10 13:17:16.000 UTC,arbitrum,zksync,500.7223306606713
2026-04-10 13:17:21.000 UTC,base,arbitrum,489.6602321802093
2026-04-10 13:17:27.000 UTC,ethereum,base,1.998929045034
2026-04-10 13:17:31.000 UTC,base,polygon,3.3247730534040003
2026-04-10 13:17:34.000 UTC,optimism,base,6.851335035851942
2026-04-10 13:17:37.000 UTC,arbitrum,zksync,2.077685422074
2026-04-10 13:17:41.000 UTC,base,zksync,499.94462399881564
2026-04-10 13:17:43.000 UTC,base,ethereum,183.695550615954
2026-04-10 13:17:47.000 UTC,arbitrum,ethereum,27.302500463146927
2026-04-10 13:17:47.000 UTC,ethereum,hyperliquid,4999.77
2026-04-10 13:17:48.000 UTC,arbitrum,hyperliquid,293.771323897452
2026-04-10 13:17:48.000 UTC,ethereum,arbitrum,46.306826408950194
2026-04-10 13:17:49.000 UTC,base,arbitrum,85.46345500000001
2026-04-10 13:17:49.000 UTC,base,polygon,29.72855742345
2026-04-10 13:17:51.000 UTC,base,optimism,54.46419420377982
2026-04-10 13:17:51.000 UTC,arbitrum,zksync,488.9797622475941
2026-04-10 13:17:52.000 UTC,arbitrum,base,2499.957082643585
2026-04-10 13:17:59.000 UTC,ethereum,base,21.735057824610372
2026-04-10 13:18:04.000 UTC,arbitrum,polygon,2.296297365462
2026-04-10 13:18:10.000 UTC,ethereum,polygon,157.9201153309564
2026-04-10 13:18:11.000 UTC,ethereum,optimism,43.437694790153
2026-04-10 13:18:13.000 UTC,zksync,arbitrum,492.2927027739086
2026-04-10 13:18:13.000 UTC,zksync,base,3995.115237245034
2026-04-10 13:18:21.000 UTC,optimism,ethereum,814.2666118421362
2026-04-10 13:18:29.000 UTC,base,polygon,4.948451360766
2026-04-10 13:18:33.000 UTC,base,optimism,9.949503301794
2026-04-10 13:18:38.000 UTC,polygon,arbitrum,701.8982129913163
